t,x,y,z,cmd_vx,cmd_vy
0.000,4.091,1.087,4.340,-0.682,1.336
0.778,4.091,1.087,1.515,-0.682,1.336
1.573,4.096,1.124,0.147,-0.690,1.332
2.413,3.942,1.706,0.247,-0.739,1.306
3.248,3.244,2.695,0.630,-0.669,1.342
4.087,2.547,3.739,1.120,-0.647,1.251
4.937,1.921,4.866,1.633,-0.341,0.364
5.746,1.387,5.924,2.117,-0.127,-0.454
6.491,0.943,6.749,2.578,-0.002,-1.039
7.332,0.673,6.971,3.083,-0.052,-1.020
8.188,0.577,6.506,3.545,-0.276,-0.315
9.002,0.560,5.684,3.995,-0.578,0.748
9.859,0.476,4.962,4.415,-0.644,1.355
10.697,0.205,4.839,4.572,-0.576,1.385
11.534,-0.276,5.491,4.365,-0.583,1.382
12.282,-0.734,6.421,4.036,-0.563,0.974
13.082,-1.202,7.509,3.716,-0.370,-0.405
13.887,-1.665,8.550,3.570,-0.156,-1.492
14.698,-2.089,9.165,3.622,0.154,-1.492
15.512,-2.377,8.791,3.731,0.389,-1.449
16.274,-2.475,7.754,3.852,0.354,-1.231
17.002,-2.364,6.667,4.028,-0.032,-0.434
17.837,-2.079,5.513,4.178,-0.593,0.430
18.646,-1.851,4.613,4.257,-1.089,1.032
19.475,-1.932,4.321,4.192,-1.167,0.942
20.298,-2.434,4.664,3.969,-1.002,0.578
21.015,-3.165,5.318,3.754,-0.298,0.323
21.718,-3.969,5.958,3.672,0.477,0.082
22.442,-4.644,6.401,3.750,1.124,0.038
23.236,-4.834,6.643,3.911,1.287,0.195
24.040,-4.416,6.729,4.045,0.840,0.508
24.866,-3.528,6.793,4.104,-0.076,0.843
25.700,-2.549,7.000,4.115,-1.083,1.036
26.551,-1.974,7.459,4.063,-1.298,0.751
27.388,-2.122,8.164,3.916,-1.379,0.590
28.225,-2.962,8.956,3.758,-0.770,0.258
29.048,-4.007,9.567,3.732,-0.125,-0.361
29.839,-5.008,10.007,3.831,0.476,-0.808
30.589,-5.558,10.150,3.998,0.626,-0.959
31.401,-5.626,9.849,4.101,1.094,-0.651
32.141,-5.313,9.278,4.112,1.180,-0.071
32.871,-4.839,8.643,4.067,1.107,0.571
33.580,-4.128,8.204,3.985,0.008,1.107
34.305,-3.263,8.138,3.903,-1.051,1.071
35.113,-2.560,8.576,3.831,-1.380,0.588
35.943,-2.630,9.431,3.761,-1.499,0.051
36.729,-3.399,10.187,3.745,-1.434,-0.440
37.527,-4.476,10.623,3.831,-1.191,-0.912
38.212,-5.476,10.667,3.940,-0.581,-0.857
38.957,-6.516,10.358,4.049,0.071,-0.447
39.777,-7.421,9.678,4.128,0.589,0.328
40.551,-7.844,9.064,4.162,0.623,1.037
41.278,-7.811,8.775,4.109,0.201,1.422
42.064,-7.425,9.026,3.953,-0.573,1.267
42.845,-7.015,9.794,3.789,-1.371,0.594
43.634,-6.927,10.827,3.703,-1.475,-0.274
44.430,-7.418,11.751,3.714,-1.245,-0.836
45.263,-8.532,12.163,3.796,-0.848,-1.237
46.089,-9.657,11.915,3.930,-0.283,-1.144
46.883,-10.605,11.230,4.063,0.277,-0.364
47.713,-11.238,10.269,4.152,0.521,0.692
48.556,-11.429,9.440,4.178,0.295,1.471
49.411,-11.206,9.244,4.078,-0.224,1.483
50.267,-10.830,9.870,3.865,-0.911,1.192
51.094,-10.656,10.989,3.692,-1.465,0.321
51.927,-10.913,12.172,3.659,-1.383,-0.580
52.775,-11.740,13.052,3.746,-0.445,-1.432
53.586,-12.855,13.228,3.885,0.661,-1.347
54.416,-13.837,12.692,4.009,1.206,-0.892
55.233,-14.094,11.608,4.045,1.480,-0.242
56.060,-13.545,10.562,4.017,1.442,0.413
56.807,-12.679,9.939,3.971,1.224,0.867
57.573,-11.600,9.753,3.916,0.882,1.203
58.392,-10.430,10.093,3.882,0.100,0.767
59.236,-9.450,10.838,3.894,-0.492,-0.075
60.031,-8.850,11.683,3.952,-0.704,-1.016
60.808,-8.776,12.204,4.023,-0.347,-1.459
61.516,-9.073,12.154,4.016,0.260,-1.477
62.141,-9.465,11.611,3.938,0.986,-1.130
62.711,-9.682,10.883,3.871,1.412,-0.506
63.304,-9.603,10.010,3.828,1.494,0.130
63.975,-9.055,9.265,3.812,1.368,0.614
64.726,-8.079,8.880,3.838,1.118,1.000
65.523,-6.923,8.984,3.912,0.475,0.910
66.175,-6.058,9.360,3.985,-0.002,0.438
66.937,-5.235,10.063,4.063,-0.437,-0.362
67.675,-4.881,10.669,4.119,-0.403,-1.064
68.264,-4.841,10.948,4.124,-0.054,-1.439
68.948,-5.042,10.804,4.027,0.535,-1.392
69.618,-5.274,10.176,3.883,1.155,-0.861
70.346,-5.290,9.224,3.767,1.500,-0.005
71.170,-4.827,8.177,3.736,1.305,0.739
71.848,-4.073,7.616,3.778,0.984,1.124
72.533,-3.124,7.553,3.845,0.355,0.948
73.319,-2.135,8.070,3.943,-0.314,0.192
74.078,-1.438,8.862,4.051,-1.225,-0.446
74.825,-1.182,9.505,4.138,-1.315,-0.722
75.698,-1.560,9.632,4.070,-1.285,-0.774
76.540,-2.521,9.273,3.908,-0.346,-0.714
77.258,-3.419,8.794,3.813,0.604,-0.271
78.089,-4.351,8.151,3.812,1.289,0.545
78.914,-4.547,7.647,3.884,1.007,1.112
79.639,-4.114,7.498,3.922,0.374,1.453
80.288,-3.394,7.790,3.900,-0.499,1.415
81.043,-2.684,8.574,3.896,-1.349,0.656
81.705,-2.444,9.485,3.901,-1.500,-0.019
82.454,-2.778,10.442,3.893,-1.333,-0.687
83.168,-3.653,10.930,3.876,-0.935,-1.173
83.909,-4.708,10.935,3.887,0.259,-1.478
84.613,-5.616,10.491,3.913,1.193,-0.909
85.418,-6.239,9.581,3.932,1.488,-0.192
86.052,-6.127,8.704,3.915,1.442,0.412
86.829,-5.305,7.998,3.873,0.789,1.276
87.589,-4.258,7.855,3.866,-0.486,1.419
88.316,-3.289,8.170,3.882,-1.131,0.985
89.087,-2.766,9.070,3.873,-1.468,0.310
89.946,-3.193,10.193,3.855,-1.438,-0.427
90.803,-4.152,10.914,3.887,-1.155,-0.957
91.663,-5.375,11.096,3.938,-0.595,-1.246
92.456,-6.456,10.749,3.988,0.106,-0.773
93.296,-7.356,9.954,4.026,0.627,0.149
94.111,-7.781,9.037,4.053,0.672,1.192
94.954,-7.673,8.508,4.040,0.149,1.493
95.779,-7.207,8.701,3.936,-0.522,1.406
96.603,-6.736,9.659,3.792,-1.270,0.798
97.274,-6.655,10.599,3.747,-1.496,0.103
98.055,-7.056,11.590,3.766,-1.405,-0.525
98.827,-7.993,12.178,3.842,-1.140,-0.975
99.564,-9.060,12.254,3.945,-0.706,-1.140
100.355,-10.122,11.853,4.040,0.204,-0.688
101.060,-10.923,11.181,4.097,0.612,0.062
101.673,-11.352,10.544,4.118,0.649,0.778
102.296,-11.361,10.078,4.084,0.586,1.258
102.943,-11.062,10.034,3.989,0.679,1.224
103.611,-10.666,10.448,3.863,0.670,0.709
104.323,-10.236,11.255,3.770,0.622,-0.216
105.147,-9.696,12.164,3.800,0.464,-1.243
105.912,-9.194,12.628,3.910,0.278,-1.474
106.637,-8.757,12.465,3.986,0.241,-1.480
107.351,-8.425,11.681,3.975,0.340,-1.115
108.097,-8.193,10.609,3.973,0.490,-0.161
108.808,-8.005,9.615,3.986,0.684,0.714
109.467,-7.780,8.904,4.019,0.812,1.261
110.135,-7.455,8.719,4.012,0.821,1.256
110.946,-6.904,9.244,3.909,0.730,0.731
111.773,-6.272,10.185,3.833,0.479,-0.327
112.533,-5.665,11.068,3.847,0.255,-1.329
113.313,-5.120,11.554,3.931,0.071,-1.498
114.085,-4.752,11.276,3.964,0.089,-1.497
114.804,-4.565,10.414,3.933,0.301,-1.029
115.496,-4.488,9.402,3.930,0.606,-0.136
116.099,-4.419,8.533,3.951,0.705,0.681
116.918,-4.166,7.769,4.008,0.763,1.194
117.751,-3.673,7.700,4.014,0.590,1.023
118.577,-3.098,8.256,3.960,0.329,0.235
119.286,-2.560,9.064,3.913,-0.106,-0.646
119.990,-2.165,9.698,3.927,-0.277,-1.441
120.782,-1.929,9.861,3.950,-0.156,-1.492
121.588,-1.999,9.298,3.908,0.120,-1.465
122.374,-2.176,8.250,3.858,0.617,-0.657
123.115,-2.264,7.194,3.877,1.024,0.158
123.777,-2.180,6.281,3.931,1.002,1.116
124.591,-1.690,5.749,3.994,0.540,1.399
125.286,-1.018,5.860,3.988,0.241,1.480
125.979,-0.367,6.529,3.923,-0.032,1.500
126.571,-0.007,7.319,3.893,-0.116,1.180
127.334,0.195,8.392,3.896,-0.600,-0.178
128.196,0.190,9.616,3.959,-0.691,-1.332
128.912,0.063,10.368,4.026,-0.440,-1.434
129.605,-0.298,10.308,3.984,-0.241,-1.481
130.259,-0.705,9.629,3.865,-0.195,-1.487
131.026,-1.050,8.556,3.813,-0.196,-1.197
131.805,-1.249,7.410,3.839,-0.278,-0.336
132.559,-1.400,6.345,3.932,-0.407,0.444
133.398,-1.586,5.446,4.078,-0.503,1.058
134.245,-1.837,5.240,4.153,-0.532,0.979
135.050,-2.166,5.617,4.109,-0.484,0.317
135.951,-2.613,6.477,3.983,-0.317,-0.828
136.758,-3.038,7.172,3.899,-0.142,-1.493
137.541,-3.397,7.323,3.841,-0.069,-1.498
138.408,-3.655,6.615,3.763,-0.139,-1.494
139.218,-3.776,5.457,3.768,-0.363,-0.849
139.967,-3.842,4.356,3.865,-0.617,0.010
140.628,-3.944,3.418,3.991,-0.834,0.708
141.309,-4.190,2.815,4.119,-0.907,1.070
142.142,-4.698,2.825,4.127,-0.719,0.819
142.970,-5.370,3.390,4.034,-0.366,0.014
143.876,-6.135,4.251,3.925,0.079,-1.088
144.780,-6.730,4.835,3.879,0.273,-1.475
145.644,-6.987,4.680,3.835,0.217,-1.484
146.524,-6.915,3.755,3.790,-0.099,-1.315
147.414,-6.704,2.494,3.837,-0.629,-0.294
148.282,-6.576,1.227,3.965,-1.077,0.732
149.130,-6.734,0.298,4.096,-0.986,1.131
149.850,-7.207,0.115,4.122,-0.934,1.174
150.624,-7.973,0.607,4.003,-0.384,0.821
151.497,-8.789,1.504,3.888,0.396,-0.474
152.403,-9.526,2.494,3.850,0.761,-1.292
153.302,-9.740,2.971,3.859,0.733,-1.309
154.168,-9.375,2.482,3.823,0.683,-1.336
155.018,-8.787,1.490,3.826,0.322,-1.256
155.878,-8.169,0.368,3.917,-0.330,-0.533
156.755,-7.638,-0.788,4.046,-0.852,0.513
157.572,-7.455,-1.723,4.151,-1.075,1.046
158.330,-7.719,-2.051,4.145,-0.598,1.376
159.037,-8.274,-1.760,4.010,-0.147,1.493
159.698,-8.889,-1.158,3.865,0.464,1.426
160.486,-9.377,-0.085,3.761,1.185,0.920
161.102,-9.476,0.790,3.754,1.444,0.408
161.763,-9.224,1.701,3.801,1.369,-0.104
162.413,-8.559,2.324,3.869,0.430,-0.824
163.089,-7.610,2.645,3.962,-0.737,-1.213
163.931,-6.641,2.487,4.053,-1.276,-0.789
164.770,-6.423,1.805,4.036,-1.484,-0.216
165.565,-6.983,0.943,3.930,-0.610,0.754
166.311,-7.882,0.388,3.857,0.638,1.357
167.048,-8.850,0.263,3.826,1.089,1.031
167.788,-9.257,0.766,3.798,1.335,0.685
168.420,-8.963,1.527,3.740,1.473,0.281
169.091,-8.319,2.215,3.780,1.494,-0.129
169.788,-7.419,2.709,3.875,1.354,-0.537
170.472,-6.437,2.917,3.989,0.754,-0.627
171.226,-5.325,2.827,4.088,0.024,-0.418
172.089,-4.264,2.398,4.149,-0.655,0.131
172.897,-3.722,1.939,4.153,-0.815,0.708
173.696,-3.718,1.662,4.070,-0.437,1.104
174.460,-4.164,1.775,3.923,0.391,1.109
175.228,-4.703,2.289,3.796,1.312,0.715
175.957,-4.968,3.052,3.744,1.499,0.054
176.662,-4.686,3.800,3.751,1.448,-0.393
177.367,-3.892,4.266,3.780,1.314,-0.723
178.084,-2.858,4.339,3.874,0.995,-0.860
178.672,-2.026,4.146,3.966,0.544,-0.548
179.428,-1.044,3.646,4.071,-0.056,0.070
