t,ev_x,ev_y,dr_x,dr_y,dr_z,virt_x,virt_y,g_x,g_y,alpha_max,los_drone,los_virt,lag_m,held,trail_n,car_x,car_y,yaw
0.000,4.166,1.088,4.091,1.087,4.340,2.220,4.750,2.220,4.750,1.0868,1,1,4.112,1,0,,,-0.000
0.200,4.206,1.088,4.091,1.087,4.262,2.220,4.750,2.220,4.750,1.0864,1,1,4.112,1,0,2.220,4.750,-0.000
0.400,4.565,1.094,4.090,1.090,2.995,2.220,4.750,2.220,4.750,1.0830,1,1,4.110,1,0,2.220,4.750,0.004
0.600,4.759,1.109,4.069,1.131,2.286,2.220,4.750,2.220,4.750,1.0818,1,1,4.064,1,0,2.220,4.750,0.011
0.800,4.940,1.145,4.008,1.249,1.668,2.220,4.750,2.220,4.750,1.0822,1,1,3.931,1,0,2.220,4.750,0.008
1.000,5.096,1.210,3.932,1.400,1.142,2.220,4.750,2.220,4.750,1.0851,1,1,3.762,1,0,2.220,4.750,0.018
1.200,5.226,1.304,3.894,1.498,0.716,2.220,4.750,2.220,4.750,1.0908,1,1,3.658,1,0,2.220,4.750,0.029
1.400,5.327,1.429,3.912,1.514,0.369,2.220,4.750,2.220,4.750,1.0993,1,1,3.651,1,0,2.220,4.750,0.026
1.600,5.396,1.579,3.937,1.516,0.150,2.220,4.750,2.220,4.750,1.1106,1,1,3.661,1,0,2.220,4.750,0.037
1.800,5.432,1.749,3.974,1.512,0.144,2.220,4.750,2.220,4.750,1.1244,1,1,3.682,1,0,2.220,4.750,0.051
2.000,5.437,1.931,3.984,1.545,0.190,2.220,4.750,2.220,4.750,1.1403,1,1,3.658,1,0,2.220,4.750,0.073
2.200,5.414,2.119,3.930,1.637,0.240,2.220,4.750,2.220,4.750,1.1576,1,1,3.552,1,0,2.220,4.750,0.082
2.400,5.367,2.306,3.805,1.771,0.297,2.220,4.750,2.220,4.750,1.1760,1,1,3.374,1,0,2.220,4.750,0.093
2.600,5.303,2.491,3.683,1.874,0.374,2.220,4.750,2.220,4.750,1.1952,1,1,3.226,1,0,2.220,4.750,0.133
2.800,5.225,2.672,3.637,1.894,0.432,2.220,4.750,2.220,4.750,1.2149,1,1,3.188,1,0,2.220,4.750,0.154
3.000,5.136,2.850,3.697,1.844,0.481,2.220,4.750,2.220,4.750,1.2352,1,1,3.260,1,0,2.220,4.750,0.165
3.200,5.041,3.026,3.795,1.824,0.547,2.220,4.750,2.220,4.750,1.2560,1,1,3.323,1,0,2.220,4.750,0.223
3.400,4.942,3.199,3.831,1.894,0.595,2.220,4.750,2.220,4.750,1.2773,1,1,3.279,1,0,2.220,4.750,0.257
3.600,4.840,3.371,3.761,2.034,0.617,2.220,4.750,2.220,4.750,1.2993,1,1,3.123,1,0,2.220,4.750,0.259
3.800,4.738,3.543,3.601,2.188,0.651,2.220,4.750,2.220,4.750,1.3220,1,1,2.910,1,0,2.220,4.750,0.280
4.000,4.635,3.714,3.448,2.289,0.708,2.220,4.750,2.220,4.750,1.3454,1,1,2.750,1,0,2.220,4.750,0.328
4.200,4.534,3.887,3.388,2.306,0.756,2.220,4.750,2.220,4.750,1.3696,1,1,2.708,1,0,2.220,4.750,0.347
4.400,4.433,4.059,3.431,2.303,0.809,2.220,4.750,2.220,4.750,1.3948,1,1,2.730,1,0,2.220,4.750,0.360
4.600,4.332,4.231,3.508,2.369,0.866,2.220,4.750,2.220,4.750,1.4207,1,1,2.706,1,0,2.220,4.750,0.419
4.800,4.214,4.415,3.522,2.513,0.911,2.220,4.750,2.220,4.750,1.4496,1,1,2.589,1,0,2.220,4.750,0.455
5.000,4.109,4.558,3.435,2.663,0.951,2.220,4.750,2.220,4.750,1.4731,1,1,2.415,1,0,2.220,4.750,0.462
5.200,3.983,4.708,3.291,2.744,0.996,2.220,4.750,2.220,4.750,1.4990,1,1,2.274,1,0,2.220,4.750,0.514
5.400,3.845,4.849,3.191,2.728,1.038,2.220,4.750,2.220,4.750,1.5242,1,1,2.243,1,0,2.220,4.750,0.567
5.600,3.698,4.979,3.196,2.661,1.075,2.220,4.750,2.209,4.834,1.5485,1,1,2.305,1,0,2.220,4.750,0.582
5.800,3.541,5.098,3.288,2.643,1.115,2.220,4.750,2.209,4.834,1.5716,1,1,2.362,1,0,2.220,4.750,0.607
6.000,3.377,5.208,3.381,2.724,1.153,2.220,4.750,2.165,5.194,1.5934,1,1,2.335,1,0,2.220,4.750,0.670
6.200,3.206,5.310,3.390,2.874,1.184,2.220,4.750,2.165,5.194,1.6138,1,1,2.211,1,0,2.220,4.750,0.705
6.400,3.031,5.403,3.295,3.006,1.215,2.220,4.750,2.165,5.194,1.6328,1,1,2.048,1,0,2.220,4.750,0.710
6.600,2.854,5.484,3.130,3.061,1.258,2.200,4.909,2.165,5.194,1.6677,1,1,1.918,0,1,2.220,4.750,0.734
6.800,2.675,5.543,2.980,3.061,1.325,2.200,4.909,2.165,5.194,1.6795,1,1,2.005,1,0,2.200,4.909,0.768
7.000,2.494,5.573,2.914,3.068,1.390,2.181,5.067,2.165,5.194,1.7039,1,1,1.974,0,1,2.200,4.909,0.780
7.200,2.311,5.574,2.951,3.116,1.438,2.181,5.067,2.165,5.194,1.7030,1,1,2.098,1,0,2.181,5.067,0.782
7.400,2.129,5.546,3.059,3.215,1.494,2.181,5.067,2.165,5.194,1.6958,1,1,2.049,1,0,2.181,5.067,0.809
7.600,1.949,5.492,3.123,3.358,1.557,2.165,5.194,2.165,5.194,1.6974,1,1,1.952,0,1,2.181,5.067,0.853
7.800,1.773,5.414,3.086,3.475,1.608,2.006,5.192,1.635,5.189,1.6976,1,1,1.950,0,1,2.165,5.194,0.865
8.000,1.602,5.318,2.964,3.500,1.638,1.846,5.191,1.635,5.189,1.5488,1,1,1.945,0,1,2.006,5.192,0.884
8.200,1.436,5.210,2.839,3.425,1.677,1.846,5.191,1.635,5.189,1.5268,1,1,2.026,1,0,1.846,5.191,0.936
8.400,1.274,5.094,2.787,3.328,1.730,1.846,5.191,1.203,4.737,1.5038,1,1,2.087,1,0,1.846,5.191,0.969
8.600,1.115,4.973,2.827,3.302,1.771,1.846,5.191,1.203,4.737,1.4805,1,1,2.128,1,0,1.846,5.191,0.973
8.800,0.957,4.850,2.912,3.384,1.801,1.846,5.191,1.203,4.737,1.4572,1,1,2.098,1,0,1.846,5.191,1.011
9.000,0.800,4.726,2.951,3.545,1.836,1.715,5.099,1.203,4.737,1.4250,1,1,1.983,0,1,1.846,5.191,1.074
9.200,0.642,4.604,2.892,3.686,1.875,1.616,4.973,1.186,4.425,1.4128,1,1,1.838,0,1,1.715,5.099,1.097
9.400,0.482,4.484,2.749,3.737,1.901,1.517,4.847,1.186,4.425,1.5218,1,1,1.677,0,1,1.616,4.973,1.105
9.600,0.320,4.369,2.603,3.692,1.940,1.418,4.721,1.186,4.425,1.5098,1,1,1.585,0,1,1.517,4.847,1.152
9.800,0.154,4.257,2.534,3.611,1.988,1.320,4.595,1.186,4.425,1.4908,1,1,1.574,0,1,1.418,4.721,1.200
10.000,-0.015,4.151,2.566,3.579,2.029,1.221,4.469,1.186,4.425,1.4819,1,1,1.608,0,1,1.320,4.595,1.216
10.200,-0.186,4.049,2.654,3.646,2.064,1.186,4.425,1.186,4.425,1.4660,1,1,1.653,0,1,1.221,4.469,1.242
10.400,-0.360,3.951,2.692,3.786,2.105,1.186,4.425,1.186,4.425,1.4464,1,1,1.636,0,0,1.186,4.425,1.309
10.600,-0.537,3.860,2.629,3.903,2.144,1.186,4.425,1.186,4.425,1.4277,1,1,1.535,0,0,1.186,4.425,1.344
10.800,-0.735,3.765,2.487,3.929,2.170,1.186,4.425,1.186,4.425,1.4081,1,1,1.393,0,0,1.186,4.425,1.349
11.000,-0.899,3.692,2.354,3.852,2.200,1.186,4.425,1.186,4.425,1.3926,1,1,1.301,0,0,1.186,4.425,1.393
11.200,-1.102,3.605,2.304,3.740,2.241,1.033,4.377,-3.306,3.014,1.3885,1,1,1.311,0,1,1.186,4.425,1.456
11.400,-1.268,3.536,2.351,3.690,2.276,0.881,4.329,-3.306,3.014,1.3877,1,1,1.486,0,1,1.033,4.377,1.475
11.600,-1.453,3.462,2.441,3.746,2.305,0.728,4.281,-3.306,3.014,1.3854,1,1,1.666,0,1,0.881,4.329,1.487
11.800,-1.640,3.392,2.481,3.883,2.339,0.575,4.233,-3.306,3.014,1.3832,1,1,1.797,0,1,0.728,4.281,1.553
12.000,-1.829,3.326,2.421,4.004,2.375,0.423,4.185,-3.306,3.014,1.3813,1,1,1.860,0,1,0.575,4.233,1.599
12.200,-2.018,3.264,2.299,4.030,2.402,0.270,4.138,-3.306,3.014,1.3795,1,1,1.883,0,1,0.423,4.185,1.604
12.400,-2.209,3.205,2.200,3.951,2.432,0.117,4.090,-3.306,3.014,1.3894,1,1,1.939,0,1,0.270,4.138,1.635
12.600,-2.401,3.152,2.183,3.834,2.483,0.117,4.090,-3.306,3.014,1.4340,1,1,2.081,1,0,0.117,4.090,1.685
12.800,-2.595,3.107,2.205,3.780,2.546,0.117,4.090,-3.306,3.014,1.4815,1,1,2.111,1,0,0.117,4.090,1.685
13.000,-2.790,3.068,2.185,3.825,2.596,0.117,4.090,-3.306,3.014,1.5321,1,1,2.084,1,0,0.117,4.090,1.700
13.200,-2.987,3.037,2.075,3.931,2.634,-0.035,4.042,-3.306,3.014,1.5575,1,1,1.964,0,1,0.117,4.090,1.762
13.400,-3.184,3.013,1.889,4.004,2.678,-0.188,3.994,-3.306,3.014,1.5844,1,1,1.925,0,1,-0.035,4.042,1.779
13.600,-3.382,2.997,1.722,3.989,2.726,-0.340,3.946,-3.306,3.014,1.6125,1,1,1.910,0,1,-0.188,3.994,1.783
13.800,-3.581,2.990,1.651,3.905,2.758,-0.493,3.898,-3.306,3.014,1.6420,1,1,1.992,0,1,-0.340,3.946,1.826
14.000,-3.780,2.988,1.689,3.820,2.791,-0.493,3.898,-3.306,3.014,1.7063,1,1,2.183,1,0,-0.493,3.898,1.875
14.200,-3.979,2.990,1.787,3.804,2.836,-0.493,3.898,-3.306,3.014,1.7752,1,1,2.282,1,0,-0.493,3.898,1.886
14.400,-4.178,2.994,1.843,3.875,2.882,-0.493,3.898,-3.306,3.014,1.8492,1,1,2.336,1,0,-0.493,3.898,1.911
14.600,-4.377,3.000,1.796,3.968,2.922,-0.493,3.898,-3.306,3.014,1.9284,1,1,2.290,1,0,-0.493,3.898,1.967
14.800,-4.577,3.012,1.655,4.004,2.953,-0.493,3.898,-3.306,3.014,2.0133,1,1,2.151,1,0,-0.493,3.898,1.997
15.000,-4.776,3.026,1.465,3.952,2.992,-0.646,3.850,-3.306,3.014,2.0635,1,1,1.959,0,1,-0.493,3.898,1.999
15.200,-4.975,3.041,1.311,3.848,3.049,-0.798,3.802,-3.306,3.014,2.1170,1,1,1.957,0,1,-0.646,3.850,2.027
15.400,-5.175,3.056,1.254,3.772,3.101,-0.798,3.802,-4.381,4.667,2.2191,1,1,2.053,1,0,-0.798,3.802,2.074
15.600,-5.374,3.072,1.291,3.787,3.135,-0.798,3.802,-4.381,4.667,2.3290,1,1,2.090,1,0,-0.798,3.802,2.104
15.800,-5.573,3.089,1.346,3.901,3.174,-0.798,3.802,-4.381,4.667,2.4468,1,1,2.147,1,0,-0.798,3.802,2.118
16.000,-5.773,3.107,1.328,4.036,3.224,-0.798,3.802,-4.381,4.667,2.5739,1,1,2.139,1,0,-0.798,3.802,2.171
16.200,-5.972,3.121,1.226,4.097,3.261,-0.798,3.802,-4.381,4.667,2.7116,1,1,2.046,1,0,-0.798,3.802,2.209
16.400,-6.171,3.135,1.092,4.049,3.288,-0.954,3.840,-4.381,4.667,2.8113,1,1,1.906,0,1,-0.798,3.802,2.222
16.600,-6.371,3.149,0.996,3.911,3.321,-1.113,3.857,-8.079,4.620,2.9118,1,1,1.951,0,1,-0.954,3.840,2.247
16.800,-6.570,3.165,0.983,3.783,3.365,-1.113,3.857,-8.079,4.620,3.0715,1,1,2.097,1,0,-1.113,3.857,2.300
17.000,-6.769,3.179,1.028,3.745,3.398,-1.113,3.857,-8.079,4.620,3.2384,1,1,2.144,1,0,-1.113,3.857,2.333
17.200,-6.969,3.190,1.062,3.812,3.422,-1.113,3.857,-8.079,4.620,3.4116,1,1,2.176,1,0,-1.113,3.857,2.339
17.400,-7.168,3.199,1.019,3.932,3.445,-1.113,3.857,-8.079,4.620,3.5886,1,1,2.133,1,0,-1.113,3.857,2.379
17.600,-7.368,3.206,0.892,4.007,3.461,-1.113,3.857,-8.079,4.620,3.7621,1,1,2.011,1,0,-1.113,3.857,2.439
17.800,-7.568,3.213,0.756,3.979,3.470,-1.272,3.874,-8.079,4.620,3.8503,1,1,1.873,0,1,-1.113,3.857,2.458
18.000,-7.768,3.218,0.693,3.866,3.471,-1.431,3.892,-8.079,4.620,3.9141,1,1,1.965,0,1,-1.272,3.874,2.477
18.200,-7.967,3.220,0.733,3.757,3.473,-1.431,3.892,-8.079,4.620,4.0211,1,1,2.169,1,0,-1.431,3.892,2.537
18.400,-8.167,3.221,0.824,3.735,3.478,-1.431,3.892,-8.079,4.620,4.0913,1,1,2.261,1,0,-1.431,3.892,2.584
18.600,-8.366,3.218,0.868,3.812,3.478,-1.431,3.892,-8.079,4.620,4.1207,1,1,2.301,1,0,-1.431,3.892,2.592
18.800,-8.565,3.210,0.811,3.927,3.472,-1.431,3.892,-8.079,4.620,4.1110,1,1,2.242,1,0,-1.431,3.892,2.626
19.000,-8.763,3.194,0.668,3.986,3.467,-1.431,3.892,-8.079,4.620,4.0709,1,1,2.101,1,0,-1.431,3.892,2.691
19.200,-8.959,3.167,0.532,3.944,3.465,-1.590,3.909,-8.079,4.620,3.9331,1,1,1.963,0,1,-1.431,3.892,2.715
19.400,-9.155,3.132,0.482,3.835,3.460,-1.590,3.909,-8.079,4.620,3.8473,1,1,2.074,1,0,-1.590,3.909,2.724
19.600,-9.349,3.089,0.536,3.741,3.460,-1.590,3.909,-8.238,1.518,3.7423,1,1,2.133,1,0,-1.590,3.909,2.773
19.800,-9.540,3.037,0.629,3.731,3.470,-1.590,3.909,-8.357,1.428,3.6248,1,1,2.227,1,0,-1.590,3.909,2.826
20.000,-9.729,2.975,0.664,3.809,3.475,-1.590,3.909,-8.357,1.428,3.5010,1,1,2.257,1,0,-1.590,3.909,2.835
20.200,-9.912,2.903,0.594,3.913,3.473,-1.590,3.909,-11.683,2.028,3.3770,1,1,2.184,1,0,-1.590,3.909,2.856
20.400,-10.087,2.818,0.441,3.957,3.470,-1.590,3.909,-11.683,2.028,3.2615,1,1,2.032,1,0,-1.590,3.909,2.921
20.600,-10.252,2.717,0.295,3.904,3.470,-1.747,3.880,-11.683,2.028,3.0924,1,1,1.885,0,1,-1.590,3.909,2.954
20.800,-10.405,2.599,0.237,3.792,3.476,-1.905,3.851,-11.683,2.028,2.9400,1,1,1.987,0,1,-1.747,3.880,2.963
21.000,-10.546,2.465,0.268,3.711,3.493,-1.905,3.851,-11.683,2.028,2.8629,1,1,2.177,1,0,-1.905,3.851,3.007
21.200,-10.676,2.319,0.315,3.721,3.511,-1.905,3.851,-11.683,2.028,2.7921,1,1,2.223,1,0,-1.905,3.851,3.060
21.400,-10.792,2.162,0.296,3.815,3.516,-1.905,3.851,-11.683,2.028,2.7264,1,1,2.201,1,0,-1.905,3.851,3.073
21.600,-10.897,1.996,0.179,3.913,3.516,-1.905,3.851,-11.646,1.779,2.6645,1,1,2.085,1,0,-1.905,3.851,3.096
21.800,-10.991,1.822,0.003,3.931,3.512,-2.061,3.817,-11.646,1.779,2.5477,1,1,1.909,0,1,-1.905,3.851,3.136
22.000,-11.076,1.642,-0.170,3.852,3.518,-2.218,3.784,-11.646,1.779,2.4332,1,1,1.892,0,1,-2.061,3.817,-3.128
22.200,-11.156,1.459,-0.289,3.746,3.547,-2.371,3.740,-11.543,1.096,2.3174,1,1,1.930,0,1,-2.218,3.784,-3.132
22.400,-11.231,1.274,-0.339,3.706,3.572,-2.371,3.740,-11.543,1.096,2.2532,1,1,2.033,1,0,-2.371,3.740,-3.120
22.600,-11.304,1.088,-0.343,3.769,3.576,-2.371,3.740,-11.543,1.096,2.1866,1,1,2.029,1,0,-2.371,3.740,-3.092
22.800,-11.373,0.901,-0.342,3.917,3.588,-2.371,3.740,-11.543,1.096,2.1183,1,1,2.037,1,0,-2.371,3.740,-3.090
23.000,-11.441,0.713,-0.384,4.042,3.608,-2.371,3.740,-11.543,1.096,2.0484,1,1,2.010,1,0,-2.371,3.740,-3.095
23.200,-11.510,0.525,-0.472,4.067,3.606,-2.525,3.695,-11.543,1.096,1.9324,1,1,1.928,0,1,-2.371,3.740,-3.055
23.400,-11.581,0.338,-0.554,3.985,3.591,-2.679,3.651,-11.543,1.096,1.8208,0,1,1.993,0,1,-2.525,3.695,-3.017
23.600,-11.651,0.151,-0.566,3.848,3.590,-2.679,3.651,-11.318,-0.396,1.8145,0,1,2.122,1,0,-2.679,3.651,-3.009
23.800,-11.722,-0.036,-0.514,3.764,3.595,-2.679,3.651,-11.318,-0.396,1.8470,0,0,2.168,1,0,-2.679,3.651,-2.958
24.000,-11.793,-0.223,-0.480,3.782,3.593,-2.679,3.651,-11.318,-0.396,1.8804,0,0,2.203,1,0,-2.679,3.651,-2.904
24.200,-11.866,-0.409,-0.533,3.877,3.573,-2.679,3.651,-11.318,-0.396,1.9142,0,0,2.158,1,0,-2.679,3.651,-2.891
24.400,-11.940,-0.595,-0.682,3.968,3.553,-2.679,3.651,-11.318,-0.396,1.9487,0,0,2.022,1,0,-2.679,3.651,-2.876
24.600,-12.014,-0.781,-0.869,3.973,3.543,-2.824,3.583,-11.318,-0.396,1.9657,0,0,1.839,0,1,-2.679,3.651,-2.812
24.800,-12.088,-0.967,-0.998,3.885,3.530,-2.963,3.504,-11.197,-1.200,1.9829,0,0,1.851,0,1,-2.824,3.583,-2.774
25.000,-12.163,-1.152,-1.022,3.777,3.518,-3.102,3.424,-11.197,-1.200,2.0011,0,0,1.960,0,1,-2.963,3.504,-2.773
25.200,-12.238,-1.337,-0.954,3.738,3.505,-3.102,3.424,-11.197,-1.200,2.0371,0,0,2.170,1,0,-3.102,3.424,-2.736
25.400,-12.322,-1.541,-0.869,3.814,3.496,-3.102,3.424,-11.197,-1.200,2.0772,0,0,2.266,1,0,-3.102,3.424,-2.670
25.600,-12.390,-1.707,-0.870,3.921,3.495,-3.102,3.424,-11.197,-1.200,2.1105,0,0,2.286,1,0,-3.102,3.424,-2.656
25.800,-12.466,-1.892,-0.965,3.995,3.488,-3.102,3.424,-11.197,-1.200,2.1480,0,0,2.211,1,0,-3.102,3.424,-2.648
26.000,-12.541,-2.078,-1.112,3.967,3.477,-3.102,3.424,-11.197,-1.200,2.1861,0,0,2.062,1,0,-3.102,3.424,-2.589
26.200,-12.616,-2.263,-1.216,3.848,3.470,-3.241,3.345,-11.197,-1.200,2.2074,0,0,1.933,0,1,-3.102,3.424,-2.538
26.400,-12.692,-2.448,-1.219,3.707,3.470,-3.241,3.345,-11.197,-1.200,2.2455,0,0,2.053,1,0,-3.241,3.345,-2.531
26.600,-12.768,-2.633,-1.143,3.627,3.476,-3.241,3.345,-11.197,-1.200,2.2838,0,0,2.116,1,0,-3.241,3.345,-2.506
26.800,-12.843,-2.818,-1.071,3.648,3.482,-3.241,3.345,-11.197,-1.200,2.3223,0,0,2.190,1,0,-3.241,3.345,-2.448
27.000,-12.918,-3.004,-1.082,3.739,3.482,-3.241,3.345,-11.197,-1.200,2.3608,0,0,2.194,1,0,-3.241,3.345,-2.411
27.200,-12.993,-3.189,-1.194,3.821,3.482,-3.241,3.345,-11.197,-1.200,2.3988,0,0,2.101,1,0,-3.241,3.345,-2.402
27.400,-13.070,-3.374,-1.342,3.822,3.487,-3.380,3.266,-11.197,-1.200,2.4242,0,0,1.958,0,1,-3.241,3.345,-2.361
27.600,-13.148,-3.558,-1.429,3.731,3.485,-3.380,3.266,-11.197,-1.200,2.4599,0,0,2.005,1,0,-3.380,3.266,-2.307
27.800,-13.228,-3.741,-1.412,3.615,3.483,-3.519,3.186,-11.197,-1.200,2.4286,0,0,1.998,0,1,-3.380,3.266,-2.289
28.000,-13.309,-3.924,-1.321,3.566,3.484,-3.519,3.186,-11.197,-1.200,2.4598,0,0,2.230,1,0,-3.519,3.186,-2.269
28.200,-13.393,-4.105,-1.247,3.619,3.487,-3.519,3.186,-11.197,-1.200,2.4888,0,0,2.313,1,0,-3.519,3.186,-2.211
28.400,-13.478,-4.286,-1.263,3.720,3.487,-3.519,3.186,-11.197,-1.200,2.5155,0,0,2.318,1,0,-3.519,3.186,-2.169
28.600,-13.565,-4.466,-1.375,3.778,3.484,-3.519,3.186,-11.197,-1.200,2.5396,0,0,2.224,1,0,-3.519,3.186,-2.160
28.800,-13.652,-4.646,-1.512,3.740,3.482,-3.519,3.186,-11.197,-1.200,2.5611,0,0,2.081,1,0,-3.519,3.186,-2.121
29.000,-13.740,-4.826,-1.582,3.625,3.481,-3.657,3.107,-11.197,-1.200,2.5531,0,0,1.985,0,1,-3.519,3.186,-2.062
29.200,-13.830,-5.004,-1.551,3.520,3.482,-3.657,3.107,-11.197,-1.200,2.5682,0,0,2.147,1,0,-3.657,3.107,-2.044
29.400,-13.922,-5.182,-1.464,3.504,3.485,-3.657,3.107,-10.182,-7.946,2.5796,0,0,2.229,1,0,-3.657,3.107,-2.024
29.600,-14.017,-5.357,-1.421,3.584,3.486,-3.657,3.107,-10.182,-7.946,2.5863,0,0,2.287,1,0,-3.657,3.107,-1.961
29.800,-14.120,-5.522,-1.478,3.686,3.484,-3.657,3.107,-10.182,-7.946,2.5846,0,0,2.255,1,0,-3.657,3.107,-1.920
30.000,-14.238,-5.674,-1.616,3.721,3.477,-3.657,3.107,-10.182,-7.946,2.5717,0,0,2.131,1,0,-3.657,3.107,-1.913
30.200,-14.371,-5.808,-1.754,3.652,3.471,-3.739,2.969,-10.182,-7.946,2.5263,0,0,1.980,0,1,-3.657,3.107,-1.877
30.400,-14.521,-5.925,-1.811,3.518,3.469,-3.739,2.969,-10.182,-7.946,2.4903,0,0,2.005,1,0,-3.739,2.969,-1.811
30.600,-14.685,-6.022,-1.767,3.421,3.468,-3.739,2.969,-10.182,-7.946,2.4453,0,0,2.023,1,0,-3.739,2.969,-1.787
30.800,-14.861,-6.100,-1.673,3.426,3.466,-3.739,2.969,-10.182,-7.946,2.3937,0,0,2.115,1,0,-3.739,2.969,-1.771
31.000,-15.041,-6.156,-1.630,3.520,3.466,-3.739,2.969,-10.182,-7.946,2.3383,0,0,2.179,1,0,-3.739,2.969,-1.709
31.200,-15.225,-6.185,-1.690,3.617,3.466,-3.739,2.969,-10.182,-7.946,2.2968,0,0,2.149,1,0,-3.739,2.969,-1.659
31.400,-15.411,-6.188,-1.830,3.634,3.457,-3.739,2.969,-10.182,-7.946,2.2609,0,0,2.021,1,0,-3.739,2.969,-1.652
31.600,-15.597,-6.166,-1.978,3.547,3.452,-3.891,2.919,-10.182,-7.946,2.2018,0,0,1.853,0,1,-3.739,2.969,-1.626
31.800,-15.781,-6.119,-2.053,3.409,3.459,-4.042,2.868,-10.182,-7.946,2.1406,0,0,1.902,0,1,-3.891,2.919,-1.561
32.000,-15.961,-6.051,-2.031,3.317,3.465,-4.042,2.868,-10.182,-7.946,2.0969,0,0,2.061,1,0,-4.042,2.868,-1.528
32.200,-16.137,-5.964,-1.956,3.330,3.465,-4.042,2.868,-10.182,-7.946,2.0528,0,0,2.137,1,0,-4.042,2.868,-1.523
32.400,-16.306,-5.863,-1.923,3.433,3.468,-4.042,2.868,-10.182,-7.946,2.0093,0,0,2.194,1,0,-4.042,2.868,-1.470
32.600,-16.471,-5.752,-1.987,3.541,3.472,-4.042,2.868,-10.182,-7.946,1.9669,0,0,2.162,1,0,-4.042,2.868,-1.416
32.800,-16.631,-5.634,-2.113,3.567,3.473,-4.042,2.868,-10.182,-7.946,1.9260,0,0,2.053,1,0,-4.042,2.868,-1.407
33.000,-16.755,-5.535,-2.213,3.490,3.472,-4.194,2.817,-10.182,-7.946,1.8777,0,0,1.933,0,1,-4.042,2.868,-1.396
33.201,-16.785,-5.507,-2.218,3.335,3.474,-4.194,2.817,-10.182,-7.946,1.8699,0,0,2.043,1,0,-4.194,2.817,-1.328
33.400,-16.785,-5.507,-2.145,3.238,3.483,-4.194,2.817,-10.182,-7.946,1.8699,0,0,2.092,1,0,-4.194,2.817,-1.300
33.600,-16.785,-5.507,-2.067,3.224,3.497,-4.194,2.817,-10.182,-7.946,1.8698,0,0,2.165,1,0,-4.194,2.817,-1.297
33.800,-16.785,-5.507,-2.074,3.288,3.496,-4.194,2.817,-10.182,-7.946,1.8698,0,0,2.171,1,0,-4.194,2.817,-1.256
34.001,-16.780,-5.501,-2.187,3.358,3.491,-4.194,2.817,-10.182,-7.946,1.8699,0,0,2.079,1,0,-4.194,2.817,-1.199
34.200,-16.726,-5.468,-2.363,3.355,3.485,-4.345,2.767,-11.197,-1.200,1.8568,0,0,1.909,0,1,-4.194,2.817,-1.180
34.401,-16.598,-5.442,-2.544,3.245,3.493,-4.498,2.716,-11.197,-1.200,1.8548,0,0,1.863,0,1,-4.345,2.767,-1.166
34.601,-16.455,-5.455,-2.629,3.115,3.510,-4.649,2.665,-10.182,-7.946,1.8601,0,0,1.911,0,1,-4.498,2.716,-1.110
34.800,-16.279,-5.506,-2.626,3.053,3.518,-4.649,2.665,-10.182,-7.946,1.8925,0,0,2.060,1,0,-4.649,2.665,-1.075
35.000,-16.099,-5.583,-2.573,3.086,3.516,-4.649,2.665,-10.182,-7.946,1.9302,0,0,2.118,1,0,-4.649,2.665,-1.063
35.200,-15.919,-5.669,-2.560,3.201,3.519,-4.649,2.665,-10.182,-7.946,1.9706,0,0,2.157,1,0,-4.649,2.665,-1.027
35.400,-15.739,-5.754,-2.639,3.301,3.520,-4.649,2.665,-10.182,-7.946,2.0128,0,0,2.109,1,0,-4.649,2.665,-0.963
35.600,-15.557,-5.831,-2.764,3.307,3.514,-4.801,2.615,-10.182,-7.946,2.0369,0,0,1.991,0,1,-4.649,2.665,-0.942
35.800,-15.371,-5.895,-2.847,3.211,3.503,-4.801,2.615,-10.182,-7.946,2.0792,0,0,2.043,1,0,-4.801,2.615,-0.931
36.000,-15.184,-5.942,-2.835,3.076,3.498,-4.801,2.615,-10.182,-7.946,2.1200,0,0,2.019,1,0,-4.801,2.615,-0.878
36.200,-15.000,-5.964,-2.745,2.995,3.504,-4.801,2.615,-10.182,-7.946,2.1565,0,0,2.091,1,0,-4.801,2.615,-0.833
36.400,-14.821,-5.956,-2.690,3.018,3.508,-4.801,2.615,-10.182,-7.946,2.2075,0,0,2.150,1,0,-4.801,2.615,-0.829
36.600,-14.646,-5.917,-2.714,3.113,3.502,-4.801,2.615,-10.182,-7.946,2.2596,0,0,2.146,1,0,-4.801,2.615,-0.798
36.800,-14.464,-5.839,-2.852,3.197,3.496,-4.801,2.615,-10.182,-7.946,2.3095,0,0,2.034,1,0,-4.801,2.615,-0.733
37.000,-14.325,-5.748,-2.982,3.187,3.497,-4.953,2.564,-10.182,-7.946,2.3155,0,0,1.907,0,1,-4.801,2.615,-0.713
37.200,-14.183,-5.625,-3.058,3.089,3.489,-5.105,2.514,-10.182,-7.946,2.3150,0,0,1.966,0,1,-4.953,2.564,-0.700
37.400,-14.054,-5.482,-3.029,2.969,3.485,-5.105,2.514,-10.182,-7.946,2.3313,0,0,2.125,1,0,-5.105,2.514,-0.643
37.600,-13.939,-5.324,-2.945,2.922,3.492,-5.105,2.514,-10.182,-7.946,2.3379,0,0,2.198,1,0,-5.105,2.514,-0.595
37.800,-13.834,-5.157,-2.908,2.972,3.495,-5.105,2.514,-10.182,-7.946,2.3358,0,0,2.244,1,0,-5.105,2.514,-0.586
38.000,-13.739,-4.983,-2.974,3.062,3.490,-5.105,2.514,-11.197,-1.200,2.3265,0,0,2.200,1,0,-5.105,2.514,-0.556
38.200,-13.650,-4.805,-3.127,3.105,3.484,-5.105,2.514,-11.197,-1.200,2.3114,0,0,2.064,1,0,-5.105,2.514,-0.499
38.400,-13.566,-4.624,-3.285,3.056,3.486,-5.257,2.463,-11.197,-1.200,2.2647,0,0,1.899,0,1,-5.105,2.514,-0.476
38.600,-13.485,-4.441,-3.364,2.946,3.489,-5.408,2.412,-11.197,-1.200,2.2151,0,0,1.953,0,1,-5.257,2.463,-0.464
38.800,-13.407,-4.257,-3.348,2.863,3.505,-5.408,2.412,-11.197,-1.200,2.1901,0,0,2.109,1,0,-5.408,2.412,-0.406
39.000,-13.330,-4.073,-3.319,2.869,3.526,-5.408,2.412,-11.197,-1.200,2.1628,0,0,2.138,1,0,-5.408,2.412,-0.367
39.200,-13.256,-3.887,-3.362,2.955,3.532,-5.408,2.412,-11.197,-1.200,2.1335,0,0,2.117,1,0,-5.408,2.412,-0.358
39.400,-13.183,-3.701,-3.498,3.043,3.535,-5.408,2.412,-11.197,-1.200,2.1029,0,0,2.012,1,0,-5.408,2.412,-0.303
39.600,-13.110,-3.515,-3.646,3.052,3.542,-5.560,2.362,-11.197,-1.200,2.0464,0,0,1.874,0,1,-5.408,2.412,-0.253
39.800,-13.029,-3.310,-3.715,2.973,3.533,-5.712,2.311,-11.197,-1.200,1.9870,0,0,1.944,0,1,-5.560,2.362,-0.246
40.000,-12.963,-3.143,-3.674,2.870,3.520,-5.712,2.311,-11.197,-1.200,1.9586,0,0,2.113,1,0,-5.712,2.311,-0.221
40.200,-12.891,-2.956,-3.564,2.829,3.519,-5.712,2.311,-11.197,-1.200,1.9265,0,0,2.209,1,0,-5.712,2.311,-0.152
40.400,-12.818,-2.770,-3.490,2.880,3.519,-5.712,2.311,-11.197,-1.200,1.8944,0,0,2.293,1,0,-5.712,2.311,-0.126
40.600,-12.745,-2.584,-3.519,2.976,3.511,-5.712,2.311,-11.197,-1.200,1.8624,0,0,2.292,1,0,-5.712,2.311,-0.116
40.800,-12.670,-2.399,-3.641,3.027,3.501,-5.712,2.311,-11.197,-1.200,1.8308,0,0,2.191,1,0,-5.712,2.311,-0.067
41.000,-12.595,-2.213,-3.783,2.978,3.494,-5.712,2.311,-11.197,-1.200,1.7994,0,0,2.041,1,0,-5.712,2.311,-0.018
41.200,-12.521,-2.028,-3.864,2.851,3.492,-5.864,2.260,-11.197,-1.200,1.7461,0,0,1.925,0,1,-5.712,2.311,-0.007
41.400,-12.447,-1.842,-3.849,2.743,3.502,-5.864,2.260,-11.197,-1.200,1.7154,0,0,2.072,1,0,-5.864,2.260,0.030
41.600,-12.371,-1.657,-3.803,2.729,3.517,-5.864,2.260,-11.197,-1.200,1.6854,0,0,2.113,1,0,-5.864,2.260,0.095
41.800,-12.296,-1.472,-3.820,2.799,3.522,-5.864,2.260,-11.197,-1.200,1.6558,0,0,2.113,1,0,-5.864,2.260,0.114
42.000,-12.220,-1.287,-3.937,2.882,3.521,-5.864,2.260,-11.197,-1.200,1.6266,0,0,2.025,1,0,-5.864,2.260,0.134
42.200,-12.145,-1.101,-4.099,2.897,3.528,-6.015,2.210,-11.197,-1.200,1.5777,0,0,1.876,0,1,-5.864,2.260,0.198
42.400,-12.070,-0.916,-4.209,2.823,3.528,-6.167,2.159,-11.318,-0.396,1.5300,0,0,1.908,0,1,-6.015,2.210,0.232
42.600,-11.995,-0.731,-4.212,2.713,3.520,-6.167,2.159,-11.318,-0.396,1.5030,0,0,2.032,1,0,-6.167,2.159,0.235
42.800,-11.919,-0.546,-4.122,2.655,3.512,-6.167,2.159,-11.318,-0.396,1.4766,0,0,2.105,1,0,-6.167,2.159,0.279
43.000,-11.843,-0.361,-4.024,2.696,3.510,-6.167,2.159,-11.318,-0.396,1.4508,0,0,2.209,1,0,-6.167,2.159,0.341
43.200,-11.768,-0.176,-4.010,2.790,3.509,-6.167,2.159,-11.318,-0.396,1.4254,0,0,2.247,1,0,-6.167,2.159,0.354
43.400,-11.693,0.010,-4.098,2.847,3.503,-6.167,2.159,-11.318,-0.396,1.4006,0,0,2.180,1,0,-6.167,2.159,0.364
43.600,-11.618,0.195,-4.243,2.810,3.490,-6.167,2.159,-11.318,-0.396,1.3764,0,0,2.031,1,0,-6.167,2.159,0.414
43.800,-11.542,0.380,-4.360,2.680,3.485,-6.319,2.108,-11.543,1.096,1.3353,0,1,1.881,0,1,-6.167,2.159,0.452
44.000,-11.466,0.565,-4.391,2.547,3.495,-6.471,2.058,-11.543,1.096,1.2954,1,1,1.977,0,1,-6.319,2.108,0.453
44.200,-11.391,0.750,-4.352,2.498,3.501,-6.471,2.058,-11.543,1.096,1.2734,1,1,2.164,1,0,-6.471,2.058,0.491
44.400,-11.317,0.936,-4.319,2.552,3.506,-6.471,2.058,-11.543,1.096,1.2519,1,1,2.207,1,0,-6.471,2.058,0.550
44.600,-11.234,1.140,-4.380,2.660,3.513,-6.471,2.058,-11.543,1.096,1.2290,1,1,2.176,1,0,-6.471,2.058,0.565
44.800,-11.164,1.306,-4.502,2.699,3.512,-6.471,2.058,-11.543,1.096,1.2108,1,1,2.070,1,0,-6.471,2.058,0.583
45.000,-11.085,1.489,-4.648,2.644,3.509,-6.623,2.007,-11.543,1.096,1.1755,1,1,1.915,0,1,-6.471,2.058,0.640
45.200,-11.003,1.671,-4.726,2.527,3.510,-6.774,1.957,-11.646,1.779,1.1413,1,1,1.966,0,1,-6.623,2.007,0.673
45.400,-10.917,1.851,-4.712,2.435,3.527,-6.774,1.957,-11.646,1.779,1.1237,1,1,2.117,1,0,-6.774,1.957,0.691
45.600,-10.823,2.025,-4.690,2.424,3.550,-6.774,1.957,-11.646,1.779,1.1072,1,1,2.136,1,0,-6.774,1.957,0.732
45.800,-10.719,2.192,-4.742,2.495,3.554,-6.774,1.957,-11.683,2.028,1.0920,1,1,2.103,1,0,-6.774,1.957,0.770
46.000,-10.602,2.347,-4.885,2.586,3.554,-6.926,1.906,-11.683,2.028,1.0636,1,1,1.991,0,1,-6.774,1.957,0.775
46.200,-10.471,2.491,-5.062,2.608,3.561,-7.078,1.855,-11.683,2.028,1.0504,1,1,1.992,0,1,-6.926,1.906,0.806
46.400,-10.327,2.621,-5.183,2.537,3.558,-7.078,1.855,-11.683,2.028,1.0579,1,1,2.014,1,0,-7.078,1.855,0.859
46.600,-10.170,2.737,-5.200,2.426,3.545,-7.230,1.805,-11.683,2.028,1.0594,1,1,1.962,0,1,-7.078,1.855,0.889
46.800,-10.004,2.841,-5.121,2.364,3.531,-7.230,1.805,-11.683,2.028,1.0675,1,1,2.182,1,0,-7.230,1.805,0.902
47.000,-9.830,2.932,-5.027,2.403,3.523,-7.230,1.805,-11.683,2.028,1.0759,1,1,2.283,1,0,-7.230,1.805,0.957
47.200,-9.649,3.009,-5.010,2.501,3.518,-7.230,1.805,-8.357,1.428,1.0845,1,1,2.326,1,0,-7.230,1.805,1.008
47.400,-9.463,3.073,-5.095,2.565,3.509,-7.230,1.805,-8.295,1.475,1.0933,1,1,2.266,1,0,-7.230,1.805,1.018
47.600,-9.272,3.126,-5.241,2.537,3.493,-7.230,1.805,-8.238,1.518,1.1119,1,1,2.119,1,0,-7.230,1.805,1.028
47.800,-9.079,3.167,-5.380,2.412,3.487,-7.381,1.754,-8.079,4.620,1.1178,1,1,1.947,0,1,-7.230,1.805,1.071
48.000,-8.863,3.201,-5.454,2.261,3.504,-7.533,1.703,-8.079,4.620,1.1259,1,1,1.993,0,1,-7.381,1.754,1.107
48.200,-8.686,3.220,-5.440,2.209,3.508,-7.533,1.703,-8.079,4.620,1.1461,1,1,2.154,1,0,-7.533,1.703,1.110
48.400,-8.487,3.233,-5.391,2.255,3.505,-7.533,1.703,-8.079,4.620,1.1691,1,1,2.213,1,0,-7.533,1.703,1.143
48.600,-8.287,3.241,-5.393,2.377,3.508,-7.533,1.703,-8.079,4.620,1.1929,1,1,2.244,1,0,-7.533,1.703,1.208
48.800,-8.087,3.245,-5.487,2.472,3.509,-7.533,1.703,-8.079,4.620,1.2174,1,1,2.185,1,0,-7.533,1.703,1.227
49.000,-7.888,3.247,-5.626,2.467,3.500,-7.533,1.703,-8.079,4.620,1.2426,1,1,2.055,1,0,-7.533,1.703,1.238
49.200,-7.688,3.244,-5.727,2.361,3.490,-7.685,1.653,-8.079,4.620,1.2502,1,1,1.922,0,1,-7.533,1.703,1.291
49.400,-7.489,3.238,-5.738,2.226,3.489,-7.685,1.653,-8.079,4.620,1.2763,1,1,2.030,1,0,-7.685,1.653,1.340
49.601,-7.269,3.228,-5.660,2.158,3.489,-7.685,1.653,-8.079,4.620,1.3058,1,1,2.087,1,0,-7.685,1.653,1.349
49.800,-7.089,3.218,-5.597,2.196,3.491,-7.685,1.653,-8.079,4.620,1.3305,1,1,2.158,1,0,-7.685,1.653,1.378
50.000,-6.890,3.207,-5.606,2.297,3.491,-7.685,1.653,-8.079,4.620,1.3586,1,1,2.176,1,0,-7.685,1.653,1.444
50.200,-6.690,3.192,-5.713,2.370,3.488,-7.685,1.653,-8.079,4.620,1.3871,1,1,2.098,1,0,-7.685,1.653,1.470
50.400,-6.491,3.176,-5.856,2.346,3.483,-7.837,1.602,-8.079,4.620,1.3954,1,1,1.956,0,1,-7.685,1.653,1.476
50.600,-6.292,3.160,-5.945,2.226,3.473,-7.988,1.551,-8.079,4.620,1.4085,1,1,1.992,0,1,-7.837,1.602,1.524
50.800,-6.092,3.146,-5.933,2.080,3.470,-7.988,1.551,-4.381,4.667,1.4735,1,1,2.123,1,0,-7.988,1.551,1.573
51.000,-5.873,3.131,-5.854,1.997,3.477,-7.988,1.551,-4.381,4.667,1.5495,1,1,2.180,1,0,-7.988,1.551,1.580
51.200,-5.693,3.118,-5.794,2.016,3.483,-7.988,1.551,-4.381,4.667,1.6145,1,1,2.243,1,0,-7.988,1.551,1.591
51.400,-5.494,3.102,-5.829,2.124,3.477,-7.988,1.551,-4.381,4.667,1.6895,1,1,2.234,1,0,-7.988,1.551,1.652
51.600,-5.294,3.088,-5.946,2.208,3.475,-7.988,1.551,-4.381,4.667,1.7675,1,1,2.145,1,0,-7.988,1.551,1.682
51.800,-5.095,3.076,-6.103,2.227,3.479,-7.988,1.551,-4.381,4.667,1.8478,1,1,2.003,1,0,-7.988,1.551,1.678
52.000,-4.895,3.064,-6.203,2.147,3.478,-8.140,1.501,-3.306,3.014,2.1741,1,1,1.883,0,1,-7.988,1.551,1.702
52.200,-4.676,3.049,-6.200,2.004,3.478,-8.140,1.501,-3.306,3.014,2.2698,1,1,2.004,1,0,-8.140,1.501,1.766
52.400,-4.476,3.036,-6.131,1.925,3.499,-8.140,1.501,-3.306,3.014,2.3509,1,1,2.053,1,0,-8.140,1.501,1.774
52.600,-4.297,3.026,-6.108,1.932,3.514,-8.140,1.501,-3.306,3.014,2.4172,1,1,2.077,1,0,-8.140,1.501,1.785
52.800,-4.097,3.016,-6.182,1.992,3.512,-8.140,1.501,-3.306,3.014,2.4811,1,1,2.019,1,0,-8.140,1.501,1.840
53.000,-3.897,3.009,-6.344,2.030,3.511,-8.292,1.450,-3.306,3.014,2.4586,1,1,1.872,0,1,-8.140,1.501,1.869
53.200,-3.698,3.005,-6.508,1.983,3.516,-8.357,1.428,-3.306,3.014,2.4610,1,1,1.862,0,1,-8.292,1.450,1.867
53.400,-3.499,3.006,-6.595,1.859,3.514,-8.204,1.476,-3.306,3.014,2.5548,1,1,1.814,0,1,-8.357,1.428,1.916
53.600,-3.300,3.013,-6.583,1.742,3.516,-8.052,1.524,-3.306,3.014,2.6352,1,1,1.643,0,1,-8.204,1.476,1.972
53.800,-3.102,3.028,-6.521,1.711,3.520,-7.899,1.572,-3.306,3.014,2.2495,1,1,1.542,0,1,-8.052,1.524,1.985
54.000,-2.904,3.051,-6.499,1.779,3.518,-7.746,1.620,-3.306,3.014,2.1580,1,1,1.415,0,1,-7.899,1.572,1.999
54.200,-2.707,3.082,-6.573,1.890,3.511,-7.594,1.668,-3.306,3.014,2.0580,1,1,1.204,0,1,-7.746,1.620,2.064
54.400,-2.512,3.121,-6.723,1.944,3.506,-7.441,1.716,-3.306,3.014,1.9835,1,1,0.913,0,1,-7.594,1.668,2.099
54.600,-2.319,3.168,-6.847,1.898,3.502,-7.288,1.764,-3.306,3.014,1.9991,1,1,0.621,0,1,-7.441,1.716,2.099
54.800,-2.128,3.223,-6.873,1.783,3.486,-7.136,1.812,-3.306,3.014,2.0098,1,1,0.416,0,1,-7.288,1.764,2.144
55.000,-1.938,3.284,-6.795,1.682,3.477,-6.983,1.860,-3.306,3.014,2.0152,1,1,0.364,0,1,-7.136,1.812,2.204
55.200,-1.749,3.349,-6.684,1.672,3.477,-6.830,1.908,-3.306,3.014,2.0155,1,1,0.353,0,1,-6.983,1.860,2.221
55.400,-1.561,3.417,-6.636,1.755,3.472,-6.678,1.956,-3.306,3.014,2.0101,1,1,0.248,0,1,-6.830,1.908,2.233
55.600,-1.374,3.489,-6.693,1.868,3.467,-6.525,2.004,-3.306,3.014,1.9984,1,1,0.089,0,1,-6.678,1.956,2.292
55.800,-1.189,3.564,-6.816,1.919,3.472,-6.373,2.052,-3.306,3.014,1.9881,1,1,0.303,0,1,-6.525,2.004,2.334
56.000,-1.006,3.643,-6.901,1.871,3.474,-6.220,2.100,1.186,4.425,2.0119,1,1,0.558,0,1,-6.373,2.052,2.340
56.200,-0.823,3.724,-6.883,1.766,3.467,-6.067,2.148,1.186,4.425,2.0346,1,1,0.742,0,1,-6.220,2.100,2.382
56.400,-0.642,3.809,-6.769,1.698,3.461,-5.915,2.195,1.186,4.425,2.0561,1,1,0.833,0,1,-6.067,2.148,2.442
56.600,-0.462,3.896,-6.631,1.727,3.459,-5.762,2.243,1.186,4.425,2.0765,1,1,0.856,0,1,-5.915,2.195,2.468
56.800,-0.285,3.987,-6.548,1.847,3.460,-5.609,2.291,1.186,4.425,2.0960,1,1,0.880,0,1,-5.762,2.243,2.480
57.000,-0.109,4.082,-6.555,1.966,3.471,-5.457,2.339,1.186,4.425,2.1016,1,1,1.000,0,1,-5.609,2.291,2.525
57.200,0.065,4.181,-6.628,2.002,3.478,-5.304,2.387,1.186,4.425,2.0687,1,1,1.219,0,1,-5.457,2.339,2.575
57.400,0.237,4.283,-6.682,1.935,3.483,-5.151,2.435,1.186,4.425,2.0353,1,1,1.450,0,1,-5.304,2.387,2.586
57.600,0.407,4.387,-6.649,1.827,3.489,-4.999,2.483,1.186,4.425,2.0568,1,1,1.617,0,1,-5.151,2.435,2.616
57.800,0.576,4.494,-6.529,1.779,3.487,-4.846,2.531,1.186,4.425,2.1024,1,1,1.684,0,1,-4.999,2.483,2.679
58.000,0.743,4.604,-6.399,1.837,3.482,-4.693,2.579,1.186,4.425,2.1494,1,1,1.701,0,1,-4.846,2.531,2.711
58.200,0.908,4.716,-6.348,1.972,3.475,-4.541,2.627,1.203,4.737,2.1978,1,1,1.762,0,1,-4.693,2.579,2.725
58.400,1.071,4.832,-6.394,2.091,3.482,-4.388,2.675,1.203,4.737,2.2461,1,1,1.929,0,1,-4.541,2.627,2.786
58.600,1.232,4.950,-6.453,2.119,3.500,-4.388,2.675,1.203,4.737,2.2805,1,1,2.139,1,0,-4.388,2.675,2.830
58.800,1.392,5.070,-6.433,2.064,3.502,-4.388,2.675,1.635,5.189,2.3159,1,1,2.134,1,0,-4.388,2.675,2.835
59.000,1.550,5.192,-6.307,1.982,3.495,-4.388,2.675,1.635,5.189,2.3521,1,1,2.040,1,0,-4.388,2.675,2.867
59.200,1.710,5.307,-6.127,1.959,3.500,-4.235,2.723,1.635,5.189,2.3692,1,1,1.880,0,1,-4.388,2.675,2.934
59.400,1.875,5.404,-5.997,2.029,3.500,-4.083,2.771,1.635,5.189,2.3814,1,1,1.894,0,1,-4.235,2.723,2.954
59.601,2.048,5.477,-5.978,2.157,3.489,-3.929,2.819,2.165,5.194,2.3865,1,1,1.992,0,1,-4.083,2.771,2.965
59.800,2.227,5.523,-6.048,2.222,3.486,-3.929,2.819,2.165,5.194,2.4021,1,1,2.201,1,0,-3.929,2.819,3.017
60.000,2.413,5.542,-6.130,2.210,3.496,-3.929,2.819,2.165,5.194,2.4093,1,1,2.283,1,0,-3.929,2.819,3.060
60.200,2.610,5.541,-6.131,2.140,3.503,-3.929,2.819,2.165,5.194,2.4099,1,1,2.304,1,0,-3.929,2.819,3.064
60.400,2.808,5.538,-6.028,2.084,3.501,-3.929,2.819,2.165,5.194,2.4085,1,1,2.223,1,0,-3.929,2.819,3.088
60.600,2.998,5.549,-5.864,2.105,3.501,-3.929,2.819,2.165,5.194,2.4100,1,1,2.062,1,0,-3.929,2.819,-3.132
60.800,3.174,5.586,-5.738,2.213,3.502,-3.777,2.867,2.165,5.194,2.3993,1,1,1.907,0,1,-3.929,2.819,-3.107
61.000,3.336,5.655,-5.713,2.336,3.503,-3.777,2.867,2.165,5.194,2.4154,1,1,2.008,1,0,-3.777,2.867,-3.103
61.201,3.486,5.755,-5.778,2.388,3.503,-3.777,2.867,2.075,5.936,2.4401,1,1,2.058,1,0,-3.777,2.867,-3.034
61.400,3.621,5.883,-5.832,2.342,3.507,-3.777,2.867,2.075,5.936,2.4729,1,1,2.121,1,0,-3.777,2.867,-2.983
61.600,3.741,6.031,-5.792,2.249,3.506,-3.777,2.867,2.075,5.936,2.5129,1,1,2.108,1,0,-3.777,2.867,-2.978
61.800,3.847,6.195,-5.658,2.200,3.499,-3.624,2.915,2.075,5.936,2.5389,1,1,1.996,0,1,-3.777,2.867,-2.935
62.000,3.942,6.368,-5.513,2.247,3.496,-3.624,2.915,2.075,5.936,2.5892,1,1,2.003,1,0,-3.624,2.915,-2.869
62.200,4.030,6.547,-5.446,2.376,3.486,-3.471,2.963,2.075,5.936,2.6225,1,1,1.900,0,1,-3.624,2.915,-2.850
62.400,4.113,6.729,-5.481,2.510,3.481,-3.471,2.963,2.075,5.936,2.6791,1,1,2.060,1,0,-3.471,2.963,-2.841
62.600,4.194,6.911,-5.571,2.568,3.486,-3.471,2.963,2.075,5.936,2.7379,1,1,2.136,1,0,-3.471,2.963,-2.784
62.800,4.275,7.094,-5.618,2.527,3.489,-3.471,2.963,2.075,5.936,2.7986,1,1,2.191,1,0,-3.471,2.963,-2.735
63.000,4.359,7.276,-5.566,2.434,3.484,-3.471,2.963,2.075,5.936,2.8608,1,1,2.160,1,0,-3.471,2.963,-2.724
63.200,4.444,7.456,-5.425,2.379,3.480,-3.471,2.963,1.797,8.203,2.9241,1,1,2.039,1,0,-3.471,2.963,-2.699
63.400,4.533,7.635,-5.276,2.421,3.479,-3.319,3.011,1.797,8.203,2.9646,1,1,1.884,0,1,-3.471,2.963,-2.640
63.600,4.624,7.813,-5.201,2.547,3.474,-3.166,3.058,1.797,8.203,3.0049,1,1,1.939,0,1,-3.319,3.011,-2.607
63.800,4.718,7.990,-5.228,2.667,3.474,-3.166,3.058,1.797,8.203,3.0692,1,1,2.098,1,0,-3.166,3.058,-2.603
64.000,4.813,8.166,-5.310,2.702,3.480,-3.166,3.058,1.797,8.203,3.1340,1,1,2.173,1,0,-3.166,3.058,-2.550
64.200,4.910,8.340,-5.349,2.642,3.485,-3.166,3.058,1.797,8.203,3.1991,1,1,2.222,1,0,-3.166,3.058,-2.493
64.400,5.008,8.515,-5.287,2.550,3.483,-3.166,3.058,1.797,8.203,3.3488,1,1,2.181,1,0,-3.166,3.058,-2.480
64.600,5.107,8.689,-5.140,2.515,3.478,-3.166,3.058,1.797,8.203,3.8159,1,1,2.048,1,0,-3.166,3.058,-2.470
64.800,5.206,8.862,-4.971,2.581,3.477,-3.013,3.106,1.797,8.203,4.5638,1,1,1.867,0,1,-3.166,3.058,-2.423
65.000,5.306,9.036,-4.856,2.704,3.488,-2.861,3.154,1.797,8.203,5.5986,1,1,1.886,0,1,-3.013,3.106,-2.388
65.200,5.415,9.227,-4.842,2.792,3.497,-2.861,3.154,1.687,9.103,7.0979,1,1,2.014,1,0,-2.861,3.154,-2.383
65.400,5.504,9.383,-4.896,2.774,3.493,-2.861,3.154,1.687,9.103,9.0719,1,1,2.070,1,0,-2.861,3.154,-2.351
65.600,5.589,9.531,-4.941,2.665,3.495,-2.861,3.154,1.687,9.103,12.2539,1,1,2.137,1,0,-2.861,3.154,-2.290
65.800,5.614,9.575,-4.901,2.554,3.503,-2.861,3.154,1.687,9.103,13.6458,1,1,2.126,1,0,-2.861,3.154,-2.274
66.000,5.614,9.575,-4.783,2.525,3.498,-2.861,3.154,1.687,9.103,13.6458,1,1,2.022,1,0,-2.861,3.154,-2.259
66.200,5.614,9.575,-4.661,2.602,3.491,-2.708,3.202,1.687,9.103,14.0246,1,1,1.883,0,1,-2.861,3.154,-2.206
66.400,5.614,9.575,-4.615,2.742,3.494,-2.556,3.250,1.687,9.103,14.4007,1,1,1.962,0,1,-2.708,3.202,-2.164
66.600,5.614,9.575,-4.659,2.849,3.502,-2.556,3.250,1.687,9.103,14.3997,1,1,2.141,1,0,-2.556,3.250,-2.156
66.800,5.617,9.572,-4.729,2.855,3.509,-2.556,3.250,1.687,9.103,14.4219,1,1,2.209,1,0,-2.556,3.250,-2.117
67.000,5.650,9.529,-4.733,2.775,3.508,-2.556,3.250,1.687,9.103,14.1523,1,1,2.229,1,0,-2.556,3.250,-2.056
67.200,5.685,9.424,-4.635,2.688,3.501,-2.556,3.250,1.687,9.103,12.2566,1,1,2.154,1,0,-2.556,3.250,-2.029
67.400,5.684,9.273,-4.468,2.676,3.496,-2.403,3.298,1.687,9.103,9.8763,1,1,1.996,0,1,-2.556,3.250,-2.013
67.600,5.643,9.103,-4.336,2.757,3.492,-2.403,3.298,1.797,8.203,7.7563,1,1,2.007,1,0,-2.403,3.298,-1.959
67.800,5.569,8.931,-4.306,2.875,3.487,-2.250,3.346,1.797,8.203,6.4548,1,1,1.950,0,1,-2.403,3.298,-1.910
68.000,5.472,8.763,-4.362,2.937,3.498,-2.250,3.346,1.797,8.203,5.4083,1,1,2.151,1,0,-2.250,3.346,-1.896
68.200,5.361,8.600,-4.393,2.914,3.516,-2.250,3.346,1.797,8.203,4.6472,1,1,2.186,1,0,-2.250,3.346,-1.849
68.400,5.241,8.441,-4.325,2.858,3.522,-2.250,3.346,1.797,8.203,4.0716,1,1,2.132,1,0,-2.250,3.346,-1.804
68.600,5.117,8.284,-4.168,2.841,3.521,-2.098,3.394,1.797,8.203,3.7117,1,1,1.983,0,1,-2.250,3.346,-1.797
68.800,4.992,8.128,-4.000,2.909,3.525,-1.945,3.442,1.797,8.203,3.4222,1,1,1.964,0,1,-2.098,3.394,-1.774
69.000,4.868,7.971,-3.901,3.030,3.534,-1.792,3.490,1.797,8.203,3.1841,1,1,1.999,0,1,-1.945,3.442,-1.710
69.200,4.747,7.812,-3.898,3.107,3.538,-1.792,3.490,1.797,8.203,2.9172,1,1,2.140,1,0,-1.792,3.490,-1.682
69.400,4.628,7.652,-3.953,3.084,3.534,-1.792,3.490,1.797,8.203,2.7238,1,1,2.199,1,0,-1.792,3.490,-1.670
69.600,4.512,7.489,-3.967,2.978,3.533,-1.792,3.490,1.797,8.203,2.6751,1,1,2.235,1,0,-1.792,3.490,-1.606
69.800,4.399,7.324,-3.885,2.885,3.530,-1.792,3.490,2.075,5.936,2.6257,1,1,2.178,1,0,-1.792,3.490,-1.561
70.000,4.289,7.157,-3.737,2.882,3.516,-1.792,3.490,2.075,5.936,2.5761,1,1,2.038,1,0,-1.792,3.490,-1.554
70.200,4.182,6.988,-3.605,2.979,3.507,-1.640,3.538,2.075,5.936,2.5046,1,1,1.884,0,1,-1.792,3.490,-1.526
70.400,4.077,6.818,-3.558,3.114,3.516,-1.487,3.586,2.075,5.936,2.4344,1,1,1.964,0,1,-1.640,3.538,-1.474
70.600,3.974,6.647,-3.569,3.195,3.537,-1.487,3.586,2.075,5.936,2.3866,1,1,2.119,1,0,-1.487,3.586,-1.467
70.800,3.872,6.475,-3.564,3.180,3.552,-1.487,3.586,2.075,5.936,2.3396,1,1,2.117,1,0,-1.487,3.586,-1.465
71.000,3.772,6.302,-3.488,3.085,3.551,-1.487,3.586,2.075,5.936,2.2935,1,1,2.063,1,0,-1.487,3.586,-1.418
71.200,3.671,6.130,-3.333,2.991,3.553,-1.334,3.634,2.075,5.936,2.2293,1,1,1.939,0,1,-1.487,3.586,-1.383
71.400,3.563,5.969,-3.161,2.981,3.557,-1.182,3.682,2.075,5.936,2.1700,1,1,1.940,0,1,-1.334,3.634,-1.384
71.600,3.441,5.829,-3.055,3.067,3.547,-1.029,3.730,2.075,5.936,2.1180,1,1,1.972,0,1,-1.182,3.682,-1.351
71.800,3.302,5.716,-3.054,3.188,3.534,-1.029,3.730,2.075,5.936,2.0928,1,1,2.097,1,0,-1.029,3.730,-1.289
72.000,3.147,5.634,-3.137,3.255,3.528,-1.029,3.730,2.165,5.194,2.0752,1,1,2.161,1,0,-1.029,3.730,-1.262
72.200,2.979,5.583,-3.215,3.223,3.524,-1.029,3.730,2.165,5.194,2.0649,1,1,2.244,1,0,-1.029,3.730,-1.256
72.400,2.808,5.567,-3.209,3.123,3.515,-1.029,3.730,2.165,5.194,2.0624,1,1,2.263,1,0,-1.029,3.730,-1.202
72.600,2.639,5.588,-3.101,3.043,3.504,-1.029,3.730,2.165,5.194,2.0678,1,1,2.182,1,0,-1.029,3.730,-1.151
72.800,2.475,5.645,-2.952,3.054,3.498,-1.029,3.730,2.075,5.936,2.0812,1,1,2.039,1,0,-1.029,3.730,-1.143
73.000,2.319,5.735,-2.859,3.157,3.489,-0.876,3.778,2.075,5.936,2.0834,1,1,1.917,0,1,-1.029,3.730,-1.117
73.200,2.176,5.853,-2.867,3.283,3.484,-0.876,3.778,2.075,5.936,2.1113,1,1,2.051,1,0,-0.876,3.778,-1.056
73.400,2.048,5.993,-2.946,3.341,3.488,-0.876,3.778,2.075,5.936,2.1453,1,1,2.115,1,0,-0.876,3.778,-1.026
73.600,1.935,6.150,-2.998,3.300,3.492,-0.876,3.778,2.075,5.936,2.1846,1,1,2.175,1,0,-0.876,3.778,-1.022
73.800,1.835,6.319,-2.953,3.200,3.486,-0.876,3.778,2.075,5.936,2.2286,1,1,2.156,1,0,-0.876,3.778,-0.975
74.000,1.746,6.496,-2.812,3.129,3.480,-0.876,3.778,2.075,5.936,2.2767,1,1,2.042,1,0,-0.876,3.778,-0.922
74.200,1.667,6.678,-2.651,3.149,3.481,-0.724,3.825,2.075,5.936,2.3071,1,1,1.883,0,1,-0.876,3.778,-0.912
74.400,1.595,6.863,-2.560,3.246,3.479,-0.571,3.873,2.075,5.936,2.3399,1,1,1.925,0,1,-0.724,3.825,-0.900
74.600,1.527,7.051,-2.575,3.363,3.479,-0.571,3.873,1.797,8.203,2.3973,1,1,2.068,1,0,-0.571,3.873,-0.852
74.800,1.463,7.241,-2.663,3.420,3.489,-0.571,3.873,1.797,8.203,2.4576,1,1,2.140,1,0,-0.571,3.873,-0.809
75.000,1.399,7.430,-2.723,3.384,3.500,-0.571,3.873,1.797,8.203,2.5208,1,1,2.206,1,0,-0.571,3.873,-0.804
75.200,1.336,7.620,-2.684,3.300,3.500,-0.571,3.873,1.797,8.203,2.5869,1,1,2.190,1,0,-0.571,3.873,-0.769
75.400,1.273,7.810,-2.549,3.251,3.494,-0.571,3.873,1.797,8.203,2.6560,1,1,2.073,1,0,-0.571,3.873,-0.713
75.600,1.210,8.000,-2.381,3.295,3.491,-0.418,3.921,1.797,8.203,2.7027,1,1,1.900,0,1,-0.571,3.873,-0.685
75.800,1.146,8.189,-2.271,3.421,3.495,-0.266,3.969,1.797,8.203,2.7510,1,1,1.919,0,1,-0.418,3.921,-0.673
76.000,1.080,8.378,-2.256,3.545,3.513,-0.266,3.969,1.797,8.203,2.8275,1,1,2.035,1,0,-0.266,3.969,-0.619
76.200,1.013,8.566,-2.284,3.586,3.532,-0.266,3.969,1.687,9.103,2.9068,1,1,2.054,1,0,-0.266,3.969,-0.578
76.400,0.943,8.754,-2.269,3.533,3.542,-0.266,3.969,0.175,8.816,2.9887,1,1,2.050,1,0,-0.266,3.969,-0.571
76.600,0.871,8.940,-2.162,3.450,3.543,-0.113,4.017,0.175,8.816,3.0437,1,1,1.966,0,1,-0.266,3.969,-0.529
76.801,0.788,9.143,-1.968,3.435,3.538,0.040,4.065,1.057,9.715,3.1070,1,1,1.945,0,1,-0.113,4.017,-0.467
77.000,0.717,9.308,-1.833,3.510,3.532,0.192,4.113,1.057,9.715,3.1532,1,1,1.954,0,1,0.040,4.065,-0.457
77.200,0.634,9.490,-1.772,3.631,3.525,0.192,4.113,1.057,9.715,3.2381,1,1,2.023,1,0,0.192,4.113,-0.437
77.400,0.549,9.671,-1.807,3.699,3.520,0.192,4.113,0.704,10.149,3.3228,1,1,2.042,1,0,0.192,4.113,-0.382
77.600,0.459,9.849,-1.868,3.669,3.518,0.192,4.113,0.704,10.149,3.4064,1,1,2.107,1,0,0.192,4.113,-0.345
77.800,0.366,10.026,-1.863,3.567,3.517,0.192,4.113,0.223,10.328,3.4881,1,1,2.126,1,0,0.192,4.113,-0.338
78.000,0.271,10.202,-1.758,3.480,3.512,0.192,4.113,0.223,10.328,3.5672,1,1,2.051,1,0,0.192,4.113,-0.294
78.200,0.173,10.376,-1.603,3.478,3.504,0.345,4.161,0.223,10.328,3.6077,1,1,1.904,0,1,0.192,4.113,-0.247
78.400,0.074,10.550,-1.467,3.578,3.501,0.498,4.209,-0.052,10.431,3.6425,1,1,1.903,0,1,0.345,4.161,-0.236
78.600,-0.028,10.721,-1.400,3.713,3.517,0.650,4.257,-0.052,10.431,3.6694,1,1,1.961,0,1,0.498,4.209,-0.223
78.800,-0.137,10.886,-1.394,3.796,3.545,0.650,4.257,-0.052,10.431,3.7195,1,1,2.095,1,0,0.650,4.257,-0.198
79.000,-0.257,11.039,-1.408,3.784,3.562,0.650,4.257,-0.052,10.431,3.7500,1,1,2.111,1,0,0.650,4.257,-0.165
79.200,-0.390,11.180,-1.390,3.681,3.573,0.650,4.257,-0.052,10.431,3.7565,1,1,2.120,1,0,0.650,4.257,-0.153
79.400,-0.537,11.304,-1.297,3.575,3.584,0.650,4.257,-0.052,10.431,3.7370,1,1,2.063,1,0,0.650,4.257,-0.124
79.600,-0.697,11.413,-1.162,3.555,3.582,0.803,4.305,-0.052,10.431,3.6557,1,1,1.944,0,1,0.650,4.257,-0.064
79.800,-0.867,11.505,-1.066,3.640,3.569,0.955,4.353,-0.052,10.431,3.5547,1,1,1.983,0,1,0.803,4.305,-0.040
80.000,-1.047,11.582,-1.060,3.776,3.555,0.955,4.353,-0.052,10.431,3.4752,1,1,2.096,1,0,0.955,4.353,-0.034
80.200,-1.234,11.646,-1.140,3.867,3.547,0.955,4.353,-0.052,10.431,3.3853,1,1,2.151,1,0,0.955,4.353,0.020
80.400,-1.424,11.698,-1.224,3.857,3.541,0.955,4.353,-0.052,10.431,3.2894,1,1,2.235,1,0,0.955,4.353,0.076
80.600,-1.618,11.738,-1.227,3.772,3.529,0.955,4.353,-0.052,10.431,3.1904,1,1,2.258,1,0,0.955,4.353,0.086
80.800,-1.814,11.768,-1.125,3.694,3.515,0.955,4.353,-0.052,10.431,3.0908,1,1,2.182,1,0,0.955,4.353,0.101
81.000,-2.012,11.789,-0.960,3.698,3.499,0.955,4.353,-3.869,10.937,2.9926,1,1,2.024,1,0,0.955,4.353,0.155
81.200,-2.211,11.803,-0.812,3.802,3.490,1.108,4.401,-3.869,10.937,2.9245,1,1,1.851,0,1,0.955,4.353,0.185
81.400,-2.410,11.811,-0.742,3.936,3.499,1.261,4.449,-3.869,10.937,3.0232,1,1,1.908,0,1,1.108,4.401,0.184
81.600,-2.609,11.814,-0.754,3.998,3.509,1.261,4.449,-3.869,10.937,3.1742,1,1,2.065,1,0,1.261,4.449,0.210
81.800,-2.808,11.810,-0.794,3.957,3.514,1.261,4.449,-3.869,10.937,3.3333,1,1,2.113,1,0,1.261,4.449,0.268
82.000,-3.007,11.801,-0.778,3.846,3.522,1.261,4.449,-3.869,10.937,3.4993,1,1,2.126,1,0,1.261,4.449,0.284
82.200,-3.206,11.784,-0.669,3.767,3.523,1.261,4.449,-3.869,10.937,3.6694,1,1,2.047,1,0,1.261,4.449,0.304
82.400,-3.404,11.762,-0.520,3.787,3.514,1.413,4.497,-3.869,10.937,3.7826,1,1,1.900,0,1,1.261,4.449,0.359
82.600,-3.602,11.735,-0.412,3.906,3.506,1.566,4.544,-3.869,10.937,3.8883,1,1,1.918,0,1,1.413,4.497,0.395
82.800,-3.799,11.705,-0.390,4.055,3.513,1.566,4.544,-3.869,10.937,4.0454,1,1,2.016,1,0,1.566,4.544,0.398
83.000,-4.017,11.670,-0.439,4.147,3.525,1.566,4.544,-3.869,10.937,4.2071,1,1,2.044,1,0,1.566,4.544,0.430
83.200,-4.194,11.643,-0.481,4.138,3.533,1.566,4.544,-3.869,10.937,4.3293,1,1,2.087,1,0,1.566,4.544,0.491
83.400,-4.412,11.613,-0.441,4.054,3.529,1.566,4.544,-3.869,10.937,4.4638,1,1,2.066,1,0,1.566,4.544,0.519
83.600,-4.591,11.592,-0.302,3.975,3.522,1.719,4.592,-3.869,10.937,4.4865,1,1,1.953,0,1,1.566,4.544,0.533
83.800,-4.789,11.571,-0.137,3.975,3.523,1.871,4.640,-5.567,11.162,4.4939,1,1,1.956,0,1,1.719,4.592,0.586
84.000,-4.988,11.553,-0.039,4.062,3.516,2.024,4.688,-5.567,11.162,4.4727,1,1,1.996,0,1,1.871,4.640,0.629
84.200,-5.188,11.541,-0.047,4.173,3.508,2.024,4.688,-5.567,11.162,4.4975,1,1,2.134,1,0,2.024,4.688,0.638
84.400,-5.387,11.533,-0.135,4.221,3.507,2.024,4.688,-5.567,11.162,4.4954,0,1,2.209,1,0,2.024,4.688,0.672
84.600,-5.586,11.531,-0.204,4.171,3.507,2.024,4.688,-5.567,11.162,4.4659,0,1,2.288,1,0,2.024,4.688,0.734
84.800,-5.786,11.533,-0.180,4.068,3.502,2.024,4.688,-5.567,11.162,4.4103,0,1,2.289,1,0,2.024,4.688,0.764
85.000,-5.984,11.541,-0.059,4.007,3.495,2.024,4.688,-5.567,11.162,4.3340,0,1,2.192,1,0,2.024,4.688,0.777
85.200,-6.183,11.556,0.079,4.044,3.490,2.024,4.688,-5.567,11.162,4.2434,0,1,2.049,1,0,2.024,4.688,0.826
85.400,-6.380,11.580,0.143,4.169,3.484,2.177,4.736,-5.567,11.162,4.0751,0,1,1.951,0,1,2.024,4.688,0.870
85.600,-6.577,11.612,0.112,4.313,3.492,2.177,4.736,-5.567,11.162,3.9676,0,1,2.108,1,0,2.177,4.736,0.879
85.800,-6.772,11.650,0.048,4.388,3.515,2.177,4.736,-7.924,11.474,3.8530,0,1,2.157,1,0,2.177,4.736,0.907
86.000,-6.967,11.694,0.047,4.368,3.523,2.177,4.736,-7.924,11.474,3.7341,0,1,2.161,1,0,2.177,4.736,0.950
86.200,-7.159,11.746,0.151,4.289,3.513,2.177,4.736,-7.924,11.474,3.6137,0,0,2.075,1,0,2.177,4.736,0.979
86.400,-7.350,11.803,0.333,4.239,3.507,2.206,4.864,-7.924,11.474,3.5187,0,0,1.909,0,1,2.177,4.736,0.981
86.600,-7.539,11.867,0.524,4.279,3.511,2.186,5.022,-7.924,11.474,3.4546,0,0,1.781,0,1,2.206,4.864,1.021
86.800,-7.726,11.937,0.644,4.385,3.513,2.167,5.181,-7.924,11.474,3.3882,0,0,1.669,0,1,2.186,5.022,1.072
87.000,-7.911,12.010,0.660,4.479,3.513,2.148,5.340,-7.924,11.474,3.3202,0,1,1.662,0,1,2.167,5.181,1.096
87.200,-8.095,12.089,0.585,4.493,3.502,2.128,5.499,-8.191,11.510,3.2522,0,1,1.778,0,1,2.148,5.340,1.103
87.400,-8.276,12.172,0.492,4.406,3.497,2.109,5.658,-8.191,11.510,3.1852,0,1,1.968,0,1,2.128,5.499,1.155
87.600,-8.455,12.261,0.472,4.291,3.507,2.109,5.658,-8.191,11.510,3.0727,0,1,2.132,1,0,2.109,5.658,1.207
87.800,-8.632,12.354,0.546,4.248,3.502,2.109,5.658,-8.191,11.510,2.9651,0,1,2.105,1,0,2.109,5.658,1.215
88.001,-8.824,12.460,0.677,4.327,3.483,2.089,5.817,-9.636,11.701,2.9938,0,1,1.955,0,1,2.109,5.658,1.229
88.201,-8.997,12.560,0.772,4.487,3.482,2.070,5.976,-9.636,11.701,3.0906,0,1,1.872,0,1,2.089,5.817,1.276
88.400,-9.153,12.648,0.794,4.626,3.497,2.050,6.134,-9.636,11.701,3.1839,0,1,1.858,0,1,2.070,5.976,1.304
88.600,-9.329,12.737,0.752,4.705,3.511,2.031,6.293,-9.636,11.701,3.2900,0,1,1.930,0,1,2.050,6.134,1.313
88.800,-9.510,12.811,0.720,4.689,3.529,2.031,6.293,-9.636,11.701,3.3797,0,1,2.071,1,0,2.031,6.293,1.362
89.000,-9.698,12.873,0.771,4.648,3.546,2.031,6.293,-9.636,11.701,3.4758,0,1,2.072,1,0,2.031,6.293,1.414
89.200,-9.890,12.928,0.899,4.675,3.548,2.012,6.452,-9.636,11.701,3.5586,0,1,1.975,0,1,2.031,6.293,1.423
89.400,-10.084,12.976,1.030,4.800,3.541,1.992,6.611,-9.636,11.701,3.6419,0,1,1.921,0,1,2.012,6.452,1.448
89.600,-10.278,13.021,1.084,4.985,3.535,1.973,6.769,-9.636,11.701,3.7303,0,1,1.862,0,1,1.992,6.611,1.509
89.800,-10.474,13.064,1.042,5.139,3.532,1.953,6.928,-9.636,11.701,3.8243,0,1,1.877,0,1,1.973,6.769,1.537
90.001,-10.689,13.110,0.947,5.200,3.527,1.934,7.088,-9.636,11.701,3.9373,0,1,2.000,0,1,1.953,6.928,1.540
90.200,-10.865,13.147,0.907,5.160,3.520,1.934,7.088,-11.408,11.462,4.0587,0,1,2.184,1,0,1.934,7.088,1.570
90.400,-11.061,13.189,0.954,5.072,3.515,1.934,7.088,-11.408,11.462,4.2027,0,1,2.241,1,0,1.934,7.088,1.635
90.600,-11.256,13.229,1.075,5.041,3.513,1.934,7.088,-11.408,11.462,4.3570,0,1,2.220,1,0,1.934,7.088,1.649
90.800,-11.452,13.268,1.182,5.113,3.508,1.934,7.088,-11.408,11.462,4.5226,0,1,2.113,1,0,1.934,7.088,1.655
91.000,-11.649,13.305,1.209,5.270,3.492,1.914,7.247,-12.905,12.134,4.6685,0,1,1.957,0,1,1.934,7.088,1.696
91.200,-11.846,13.340,1.147,5.439,3.497,1.895,7.406,-12.905,12.134,4.8258,0,1,1.964,0,1,1.914,7.247,1.730
91.400,-12.043,13.374,1.069,5.535,3.519,1.895,7.406,-12.905,12.134,5.0308,0,1,2.045,1,0,1.895,7.406,1.725
91.600,-12.240,13.408,1.066,5.541,3.530,1.895,7.406,-12.905,12.134,5.2532,0,1,2.040,1,0,1.895,7.406,1.762
91.800,-12.437,13.439,1.165,5.522,3.532,1.895,7.406,-12.905,12.134,5.4950,0,1,2.020,1,0,1.895,7.406,1.822
92.000,-12.635,13.468,1.318,5.567,3.541,1.875,7.564,-12.905,12.134,5.7180,0,1,1.927,0,1,1.895,7.406,1.834
92.200,-12.833,13.494,1.427,5.682,3.550,1.856,7.723,-12.905,12.134,5.9606,0,1,1.935,0,1,1.875,7.564,1.869
92.400,-13.032,13.516,1.434,5.793,3.552,1.837,7.882,-12.905,12.134,6.2248,0,1,1.976,0,1,1.856,7.723,1.924
92.600,-13.231,13.534,1.349,5.829,3.538,1.837,7.882,-13.733,12.244,6.5591,0,1,2.110,1,0,1.837,7.882,1.954
92.800,-13.430,13.548,1.242,5.766,3.531,1.837,7.882,-13.733,12.244,6.9231,0,1,2.198,1,0,1.837,7.882,1.968
93.000,-13.629,13.557,1.199,5.674,3.541,1.837,7.882,-13.733,12.244,7.3189,0,1,2.298,1,0,1.837,7.882,2.022
93.200,-13.829,13.561,1.247,5.650,3.537,1.837,7.882,-14.232,12.310,7.7506,0,1,2.308,1,0,1.837,7.882,2.061
93.400,-14.029,13.564,1.346,5.733,3.518,1.837,7.882,-14.232,12.310,8.2221,0,1,2.204,1,0,1.837,7.882,2.069
93.600,-14.229,13.566,1.417,5.903,3.508,1.837,7.882,-14.232,12.310,8.7371,0,1,2.023,1,0,1.837,7.882,2.103
93.800,-14.429,13.567,1.404,6.059,3.509,1.817,8.041,-14.232,12.310,9.2312,0,1,1.873,0,1,1.837,7.882,2.160
94.000,-14.648,13.565,1.321,6.119,3.500,1.798,8.200,-14.232,12.310,9.8187,0,1,1.985,0,1,1.817,8.041,2.186
94.200,-14.848,13.563,1.265,6.065,3.496,1.798,8.200,-14.232,12.310,10.4518,0,1,2.200,1,0,1.798,8.200,2.194
94.400,-15.028,13.561,1.288,5.980,3.499,1.798,8.200,-14.232,12.310,11.0469,0,1,2.277,1,0,1.798,8.200,2.241
94.600,-15.228,13.558,1.388,5.936,3.503,1.798,8.200,-14.232,12.310,11.7191,0,1,2.300,1,0,1.798,8.200,2.292
94.800,-15.448,13.556,1.495,6.006,3.502,1.798,8.200,-14.232,12.310,12.4435,0,1,2.214,1,0,1.798,8.200,2.304
95.000,-15.628,13.556,1.519,6.158,3.494,1.798,8.200,-14.232,12.310,12.9987,0,1,2.060,1,0,1.798,8.200,2.322
95.200,-15.826,13.562,1.463,6.301,3.498,1.778,8.358,-14.232,12.310,13.4666,0,1,1.928,0,1,1.798,8.200,2.352
95.400,-16.024,13.578,1.362,6.416,3.525,1.759,8.517,-14.232,12.310,13.8661,0,1,1.987,0,1,1.778,8.358,2.368
95.600,-16.220,13.605,1.308,6.463,3.556,1.759,8.517,-18.371,12.859,14.2922,0,1,2.103,1,0,1.759,8.517,2.374
95.800,-16.414,13.643,1.352,6.477,3.572,1.759,8.517,-18.371,12.859,14.6141,0,1,2.080,1,0,1.759,8.517,2.389
96.000,-16.606,13.692,1.484,6.508,3.585,1.759,8.517,-18.371,12.859,14.8056,0,1,2.027,1,0,1.759,8.517,2.423
96.200,-16.792,13.753,1.605,6.597,3.601,1.739,8.676,-18.371,12.859,14.7643,0,1,1.926,0,1,1.759,8.517,2.427
96.400,-16.974,13.828,1.635,6.735,3.600,1.720,8.835,-18.371,12.859,14.6042,0,1,1.943,0,1,1.739,8.676,2.451
96.600,-17.151,13.915,1.561,6.852,3.587,1.700,8.994,-18.371,12.859,14.3274,0,1,1.989,0,1,1.720,8.835,2.505
96.800,-17.339,14.024,1.434,6.882,3.576,1.700,8.994,-18.371,12.859,14.0053,0,1,2.128,1,0,1.700,8.994,2.546
97.000,-17.488,14.122,1.353,6.822,3.567,1.700,8.994,-18.371,12.859,13.6508,0,1,2.199,1,0,1.700,8.994,2.554
97.200,-17.645,14.241,1.373,6.744,3.556,1.700,8.994,-18.371,12.859,13.1954,0,1,2.273,1,0,1.700,8.994,2.595
97.400,-17.794,14.370,1.475,6.736,3.541,1.700,8.994,-18.371,12.859,12.6987,0,1,2.269,1,0,1.700,8.994,2.652
97.600,-17.936,14.509,1.578,6.830,3.526,1.700,8.994,-18.371,12.859,12.1754,0,1,2.167,1,0,1.700,8.994,2.674
97.800,-18.070,14.655,1.600,6.988,3.511,1.700,8.994,-18.371,12.859,11.6356,0,1,2.008,1,0,1.700,8.994,2.686
98.000,-18.198,14.807,1.521,7.122,3.501,1.681,9.152,-18.498,12.876,11.0057,0,1,1.880,0,1,1.700,8.994,2.735
98.200,-18.318,14.965,1.407,7.171,3.499,1.662,9.311,-18.498,12.876,10.3921,0,1,2.000,0,1,1.681,9.152,2.784
98.400,-18.431,15.128,1.354,7.132,3.500,1.662,9.311,-18.498,12.876,9.8815,0,1,2.201,1,0,1.662,9.311,2.794
98.600,-18.533,15.296,1.403,7.078,3.501,1.662,9.311,-18.498,12.876,9.4126,0,1,2.249,1,0,1.662,9.311,2.830
98.800,-18.615,15.468,1.514,7.099,3.504,1.662,9.311,-18.498,12.876,9.0140,1,1,2.217,1,0,1.662,9.311,2.894
99.000,-18.674,15.647,1.590,7.215,3.502,1.662,9.311,-18.498,12.876,8.6883,1,1,2.098,1,0,1.662,9.311,2.914
99.200,-18.706,15.831,1.565,7.379,3.492,1.642,9.470,-18.498,12.876,8.3640,1,1,1.935,0,1,1.662,9.311,2.923
99.400,-18.711,16.018,1.449,7.508,3.492,1.623,9.629,-18.498,12.876,8.1008,1,0,1.971,0,1,1.642,9.470,2.980
99.600,-18.689,16.205,1.337,7.553,3.508,1.623,9.629,-18.498,12.876,7.9478,0,0,2.096,1,0,1.623,9.629,3.020
99.800,-18.643,16.390,1.310,7.531,3.515,1.623,9.629,-18.498,12.876,7.8294,0,0,2.121,1,0,1.623,9.629,3.024
100.000,-18.577,16.572,1.389,7.505,3.517,1.623,9.629,-18.498,12.876,7.7335,0,0,2.137,1,0,1.623,9.629,3.050
100.200,-18.493,16.749,1.520,7.545,3.524,1.623,9.629,-18.498,12.876,7.6495,0,0,2.086,1,0,1.623,9.629,3.118
100.400,-18.396,16.921,1.600,7.670,3.522,1.603,9.788,-18.498,12.876,7.5109,0,0,1.959,0,1,1.623,9.629,3.139
100.600,-18.288,17.088,1.574,7.817,3.514,1.584,9.947,-18.498,12.876,7.3426,0,0,1.971,0,1,1.603,9.788,-3.133
100.800,-18.174,17.250,1.463,7.899,3.516,1.584,9.947,-18.498,12.876,7.2442,0,0,2.051,1,0,1.584,9.947,-3.092
101.000,-18.051,17.405,1.355,7.919,3.543,1.584,9.947,-18.498,12.876,7.1438,0,0,2.040,1,0,1.584,9.947,-3.082
101.200,-17.918,17.548,1.328,7.948,3.569,1.584,9.947,-18.498,12.876,7.0510,0,0,2.015,1,0,1.584,9.947,-3.087
101.400,-17.774,17.682,1.396,8.030,3.572,1.564,10.105,-18.371,12.859,6.9114,0,0,1.925,0,1,1.584,9.947,-3.067
101.600,-17.620,17.805,1.516,8.178,3.578,1.505,10.224,-18.371,12.859,6.7755,0,0,1.928,0,1,1.564,10.105,-3.060
101.800,-17.459,17.920,1.598,8.316,3.600,1.346,10.245,-18.371,12.859,6.6411,0,0,1.911,0,1,1.505,10.224,-3.089
102.000,-17.290,18.024,1.586,8.365,3.593,1.188,10.267,-18.371,12.859,6.5073,0,0,1.895,0,1,1.346,10.245,-3.087
102.200,-17.117,18.120,1.486,8.314,3.566,1.029,10.288,-18.371,12.859,6.3723,0,0,1.976,0,1,1.188,10.267,-3.051
102.400,-16.938,18.209,1.375,8.211,3.568,1.029,10.288,-18.371,12.859,6.2831,0,0,2.105,1,0,1.029,10.288,-3.060
102.600,-16.758,18.295,1.333,8.159,3.576,1.029,10.288,-18.371,12.859,6.1810,0,0,2.150,1,0,1.029,10.288,-3.076
102.800,-16.576,18.378,1.378,8.208,3.555,1.029,10.288,-18.371,12.859,6.0652,0,0,2.109,1,0,1.029,10.288,-3.049
103.000,-16.393,18.458,1.471,8.354,3.534,0.870,10.309,-18.371,12.859,5.8903,0,0,1.983,0,1,1.029,10.288,-3.020
103.200,-16.209,18.536,1.522,8.525,3.539,0.712,10.330,-18.371,12.859,5.7092,0,0,1.899,0,1,0.870,10.309,-3.028
103.400,-16.024,18.613,1.479,8.644,3.540,0.553,10.351,-18.371,12.859,5.5233,0,0,1.852,0,1,0.712,10.330,-3.021
103.600,-15.840,18.690,1.363,8.674,3.528,0.395,10.372,-18.371,12.859,5.3314,0,0,1.862,0,1,0.553,10.351,-2.969
103.800,-15.656,18.769,1.254,8.609,3.525,0.236,10.393,-18.371,12.859,5.1356,0,0,1.961,0,1,0.395,10.372,-2.934
104.000,-15.541,18.816,1.225,8.526,3.533,0.236,10.393,-18.371,12.859,5.0423,0,0,2.112,1,0,0.236,10.393,-2.937
104.200,-15.528,18.822,1.287,8.515,3.528,0.236,10.393,-18.371,12.859,5.0316,0,0,2.152,1,0,0.236,10.393,-2.902
104.400,-15.528,18.822,1.376,8.608,3.518,0.236,10.393,-18.371,12.859,5.0316,0,0,2.117,1,0,0.236,10.393,-2.839
104.600,-15.528,18.822,1.397,8.760,3.513,0.236,10.393,-18.371,12.859,5.0316,0,0,2.004,1,0,0.236,10.393,-2.825
104.800,-15.528,18.822,1.318,8.874,3.504,0.077,10.414,-18.371,12.859,4.9890,0,0,1.865,0,1,0.236,10.393,-2.811
105.000,-15.528,18.822,1.188,8.890,3.493,-0.081,10.435,-18.371,12.859,4.9464,0,0,1.886,0,1,0.077,10.414,-2.739
105.200,-15.523,18.796,1.109,8.811,3.487,-0.081,10.435,-18.371,12.859,4.9784,0,0,2.013,1,0,-0.081,10.435,-2.696
105.400,-15.535,18.713,1.132,8.726,3.485,-0.081,10.435,-18.371,12.859,5.0928,0,0,2.096,1,0,-0.081,10.435,-2.692
105.600,-15.596,18.596,1.224,8.722,3.483,-0.081,10.435,-18.371,12.859,5.2763,0,0,2.154,1,0,-0.081,10.435,-2.646
105.800,-15.708,18.477,1.294,8.818,3.481,-0.081,10.435,-18.371,12.859,5.4901,0,0,2.123,1,0,-0.081,10.435,-2.587
106.000,-15.857,18.374,1.271,8.959,3.480,-0.081,10.435,-18.371,12.859,5.7001,0,0,2.002,1,0,-0.081,10.435,-2.572
106.200,-16.029,18.288,1.161,9.051,3.480,-0.240,10.456,-18.371,12.859,5.8368,0,0,1.859,0,1,-0.081,10.435,-2.549
106.400,-16.212,18.216,1.043,9.042,3.480,-0.398,10.477,-18.371,12.859,5.9399,0,0,1.909,0,1,-0.240,10.456,-2.491
106.600,-16.401,18.154,1.002,8.949,3.474,-0.398,10.477,-18.371,12.859,6.0597,0,0,2.072,1,0,-0.398,10.477,-2.450
106.800,-16.592,18.098,1.066,8.850,3.468,-0.398,10.477,-18.371,12.859,6.1455,0,0,2.189,1,0,-0.398,10.477,-2.442
107.000,-16.784,18.043,1.204,8.826,3.464,-0.398,10.477,-18.371,12.859,6.2047,0,0,2.301,1,0,-0.398,10.477,-2.403
107.200,-16.973,17.982,1.315,8.901,3.462,-0.398,10.477,-18.371,12.859,6.2516,0,0,2.328,1,0,-0.398,10.477,-2.338
107.400,-17.156,17.909,1.326,9.022,3.456,-0.398,10.477,-18.371,12.859,6.2964,0,0,2.256,1,0,-0.398,10.477,-2.314
107.600,-17.333,17.824,1.232,9.127,3.452,-0.398,10.477,-18.371,12.859,6.3441,0,0,2.117,1,0,-0.398,10.477,-2.312
107.800,-17.502,17.725,1.081,9.161,3.461,-0.557,10.498,-18.371,12.859,6.3413,0,0,1.980,0,1,-0.398,10.477,-2.285
108.000,-17.663,17.613,0.970,9.105,3.472,-0.557,10.498,-18.371,12.859,6.4003,0,0,2.067,1,0,-0.557,10.498,-2.225
108.200,-17.815,17.488,0.960,9.023,3.480,-0.557,10.498,-18.371,12.859,6.4636,0,0,2.116,1,0,-0.557,10.498,-2.194
108.400,-17.959,17.353,1.043,9.000,3.482,-0.557,10.498,-18.498,12.876,6.5276,0,0,2.192,1,0,-0.557,10.498,-2.182
108.600,-18.094,17.210,1.133,9.075,3.486,-0.557,10.498,-18.498,12.876,6.5899,0,0,2.209,1,0,-0.557,10.498,-2.129
108.800,-18.220,17.057,1.144,9.202,3.488,-0.557,10.498,-18.498,12.876,6.6494,0,0,2.138,1,0,-0.557,10.498,-2.079
109.000,-18.337,16.898,1.054,9.296,3.486,-0.557,10.498,-18.498,12.876,6.7033,0,0,2.010,1,0,-0.557,10.498,-2.070
109.200,-18.444,16.732,0.906,9.302,3.480,-0.716,10.519,-18.498,12.876,6.6920,0,0,1.890,0,1,-0.557,10.498,-2.066
109.400,-18.533,16.561,0.763,9.208,3.480,-0.874,10.540,-18.498,12.876,6.6887,0,0,1.976,0,1,-0.716,10.519,-2.027
109.600,-18.601,16.384,0.684,9.073,3.493,-0.874,10.540,-18.498,12.876,6.7666,0,0,2.140,1,0,-0.874,10.540,-1.978
109.800,-18.644,16.201,0.699,8.992,3.499,-0.874,10.540,-18.498,12.876,6.8761,0,0,2.207,1,0,-0.874,10.540,-1.965
110.000,-18.662,15.996,0.781,9.026,3.490,-0.874,10.540,-18.498,12.876,7.0420,0,0,2.243,1,0,-0.874,10.540,-1.950
110.200,-18.652,15.826,0.826,9.140,3.484,-0.874,10.540,-18.498,12.876,7.2168,1,1,2.202,1,0,-0.874,10.540,-1.898
110.400,-18.619,15.638,0.792,9.285,3.486,-0.874,10.540,-18.498,12.876,7.4530,1,1,2.086,1,0,-0.874,10.540,-1.853
110.600,-18.564,15.453,0.677,9.360,3.482,-1.033,10.561,-18.498,12.876,7.6615,1,1,1.949,0,1,-0.874,10.540,-1.847
110.800,-18.491,15.273,0.542,9.328,3.479,-1.192,10.582,-18.498,12.876,7.9012,1,1,2.000,0,1,-1.033,10.561,-1.822
111.000,-18.402,15.099,0.471,9.223,3.484,-1.192,10.582,-18.498,12.876,8.2479,1,1,2.148,1,0,-1.192,10.582,-1.757
111.200,-18.297,14.934,0.497,9.141,3.493,-1.192,10.582,-18.498,12.876,8.6324,1,1,2.220,1,0,-1.192,10.582,-1.729
111.400,-18.179,14.776,0.564,9.156,3.497,-1.192,10.582,-18.371,12.859,9.0499,1,1,2.261,1,0,-1.192,10.582,-1.721
111.600,-18.051,14.626,0.584,9.267,3.494,-1.192,10.582,-18.371,12.859,9.4893,1,1,2.209,1,0,-1.192,10.582,-1.674
111.800,-17.914,14.483,0.507,9.407,3.491,-1.192,10.582,-18.371,12.859,9.9346,1,1,2.065,1,0,-1.192,10.582,-1.629
112.000,-17.769,14.350,0.365,9.491,3.495,-1.350,10.603,-18.371,12.859,10.2826,1,1,1.901,0,1,-1.192,10.582,-1.623
112.200,-17.615,14.226,0.248,9.474,3.496,-1.509,10.624,-18.371,12.859,10.6084,1,1,1.957,0,1,-1.350,10.603,-1.608
112.400,-17.454,14.111,0.226,9.382,3.487,-1.509,10.624,-18.371,12.859,10.9930,1,1,2.134,1,0,-1.509,10.624,-1.547
112.600,-17.286,14.005,0.306,9.298,3.483,-1.509,10.624,-18.371,12.859,11.3101,1,1,2.248,1,0,-1.509,10.624,-1.515
112.800,-17.096,13.900,0.417,9.302,3.491,-1.509,10.624,-18.371,12.859,11.5506,1,1,2.336,1,0,-1.509,10.624,-1.513
113.000,-16.935,13.824,0.441,9.382,3.488,-1.509,10.624,-18.371,12.859,11.6565,1,1,2.311,1,0,-1.509,10.624,-1.476
113.200,-16.752,13.751,0.364,9.494,3.480,-1.509,10.624,-18.371,12.859,11.6727,1,1,2.188,1,0,-1.509,10.624,-1.422
113.400,-16.564,13.689,0.217,9.549,3.479,-1.509,10.624,-18.371,12.859,11.5764,1,1,2.033,1,0,-1.509,10.624,-1.410
113.600,-16.373,13.638,0.095,9.506,3.479,-1.667,10.645,-18.371,12.859,11.2612,1,1,1.955,0,1,-1.509,10.624,-1.396
113.800,-16.179,13.597,0.069,9.403,3.475,-1.667,10.645,-18.371,12.859,10.9570,1,1,2.135,1,0,-1.667,10.645,-1.327
114.001,-15.983,13.568,0.153,9.334,3.474,-1.667,10.645,-14.232,12.310,10.5847,1,1,2.243,1,0,-1.667,10.645,-1.285
114.200,-15.785,13.548,0.238,9.367,3.475,-1.667,10.645,-14.232,12.310,10.1557,1,1,2.294,1,0,-1.667,10.645,-1.282
114.400,-15.586,13.535,0.261,9.479,3.472,-1.667,10.645,-14.232,12.310,9.6817,1,1,2.253,1,0,-1.667,10.645,-1.236
114.600,-15.387,13.527,0.179,9.590,3.467,-1.667,10.645,-14.232,12.310,9.1796,1,1,2.127,1,0,-1.667,10.645,-1.177
114.800,-15.187,13.521,0.010,9.616,3.459,-1.509,10.624,-14.232,12.310,8.7500,1,1,1.968,0,1,-1.667,10.645,-1.157
115.000,-14.987,13.519,-0.105,9.547,3.456,-1.350,10.603,-14.232,12.310,8.3210,1,1,1.769,0,1,-1.509,10.624,-1.141
115.200,-14.788,13.520,-0.143,9.439,3.460,-1.192,10.582,-14.232,12.310,7.9039,1,1,1.677,0,1,-1.350,10.603,-1.076
115.400,-14.588,13.521,-0.084,9.391,3.460,-1.033,10.561,-14.232,12.310,7.5040,1,1,1.626,0,1,-1.192,10.582,-1.031
115.600,-14.388,13.523,0.004,9.449,3.456,-0.874,10.540,-14.232,12.310,7.1252,1,1,1.520,0,1,-1.033,10.561,-1.023
115.800,-14.188,13.525,0.033,9.589,3.453,-0.716,10.519,-14.232,12.310,6.7707,1,1,1.314,0,1,-0.874,10.540,-0.993
116.001,-13.968,13.527,-0.039,9.722,3.454,-0.556,10.498,-14.232,12.310,6.4051,1,1,1.045,0,1,-0.716,10.519,-0.932
116.200,-13.788,13.528,-0.169,9.769,3.455,-0.398,10.477,-13.733,12.244,6.1385,1,1,0.825,0,1,-0.556,10.498,-0.903
116.400,-13.588,13.527,-0.263,9.715,3.455,-0.240,10.456,-13.733,12.244,5.8577,1,1,0.773,0,1,-0.398,10.477,-0.895
116.600,-13.389,13.523,-0.261,9.618,3.458,-0.081,10.435,-13.733,12.244,5.5974,1,1,0.838,0,1,-0.240,10.456,-0.842
116.800,-13.189,13.514,-0.167,9.576,3.458,0.077,10.414,-13.733,12.244,5.3557,1,1,0.863,0,1,-0.081,10.435,-0.785
117.000,-12.990,13.499,-0.060,9.637,3.459,0.236,10.393,-12.905,12.134,5.1319,1,1,0.789,0,1,0.077,10.414,-0.774
117.200,-12.791,13.481,-0.024,9.764,3.463,0.395,10.372,-12.905,12.134,4.9255,1,1,0.680,0,1,0.236,10.393,-0.748
117.400,-12.593,13.460,-0.088,9.863,3.467,0.553,10.351,-12.905,12.134,4.7354,1,1,0.701,0,1,0.395,10.372,-0.688
117.600,-12.394,13.435,-0.193,9.868,3.471,0.712,10.330,-12.905,12.134,4.5600,1,1,0.889,0,1,0.553,10.351,-0.653
117.800,-12.197,13.406,-0.236,9.780,3.470,0.870,10.309,-12.905,12.134,4.3979,1,1,1.096,0,1,0.712,10.330,-0.642
118.000,-11.980,13.369,-0.175,9.675,3.469,1.029,10.288,-12.905,12.134,4.2302,1,1,1.222,0,1,0.870,10.309,-0.588
118.200,-11.803,13.336,-0.049,9.646,3.470,1.188,10.267,-12.905,12.134,4.1091,1,1,1.254,0,1,1.029,10.288,-0.534
118.400,-11.607,13.296,0.049,9.720,3.469,1.346,10.245,-12.905,12.134,3.9802,1,1,1.263,0,1,1.188,10.267,-0.521
118.600,-11.412,13.254,0.051,9.848,3.469,1.505,10.224,-11.408,11.462,3.8606,1,1,1.355,0,1,1.346,10.245,-0.492
118.800,-11.218,13.207,-0.031,9.930,3.479,1.437,10.228,-11.408,11.462,3.7131,1,1,1.564,0,1,1.505,10.224,-0.428
119.000,-11.024,13.161,-0.103,9.916,3.490,1.278,10.241,-11.408,11.462,3.5538,1,1,1.571,0,1,1.437,10.228,-0.400
119.200,-10.829,13.120,-0.085,9.826,3.487,1.118,10.254,-11.408,11.462,3.4063,1,1,1.425,0,1,1.278,10.241,-0.390
119.400,-10.632,13.088,0.033,9.744,3.484,1.278,10.241,-9.636,11.701,3.3221,1,1,1.199,0,1,1.118,10.254,-0.338
119.600,-10.435,13.058,0.185,9.749,3.485,1.437,10.228,-9.636,11.701,3.2430,1,1,1.198,0,1,1.278,10.241,-0.281
119.800,-10.238,13.025,0.278,9.847,3.480,1.551,10.218,-9.636,11.701,3.1562,1,1,1.220,0,1,1.437,10.228,-0.272
120.000,-10.044,12.984,0.266,9.971,3.476,1.392,10.239,-9.636,11.701,3.0379,1,1,1.308,0,1,1.551,10.218,-0.250
120.200,-9.852,12.934,0.178,10.033,3.480,1.233,10.260,-9.636,11.701,2.9261,1,1,1.232,0,1,1.392,10.239,-0.182
120.400,-9.663,12.873,0.109,9.996,3.484,1.075,10.281,-9.636,11.701,2.8204,1,1,1.155,0,1,1.233,10.260,-0.148
120.600,-9.478,12.802,0.135,9.894,3.479,0.916,10.303,-9.636,11.701,2.7205,1,1,1.016,0,1,1.075,10.281,-0.141
120.800,-9.295,12.723,0.258,9.816,3.475,0.757,10.324,-9.636,11.701,2.6259,1,1,0.818,0,1,0.916,10.303,-0.096
121.000,-9.115,12.638,0.410,9.830,3.477,0.599,10.345,-9.636,11.701,2.5362,1,1,0.604,0,1,0.757,10.324,-0.041
121.200,-8.936,12.549,0.500,9.926,3.478,0.440,10.366,-9.636,11.701,2.4511,1,1,0.430,0,1,0.599,10.345,-0.028
121.400,-8.757,12.459,0.486,10.038,3.479,0.282,10.387,-8.191,11.510,2.3703,1,1,0.331,0,1,0.440,10.366,-0.018
121.600,-8.579,12.367,0.388,10.085,3.477,0.123,10.408,-8.191,11.510,2.2933,1,1,0.320,0,1,0.282,10.387,0.029
121.800,-8.401,12.276,0.278,10.033,3.481,-0.036,10.429,-8.191,11.510,2.2200,1,1,0.406,0,1,0.123,10.408,0.071
122.000,-8.223,12.187,0.238,9.915,3.493,-0.194,10.450,-8.191,11.510,2.1501,1,1,0.582,0,1,-0.036,10.429,0.075
122.200,-8.042,12.102,0.291,9.855,3.498,-0.353,10.471,-8.191,11.510,2.0832,1,1,0.768,0,1,-0.194,10.450,0.102
122.400,-7.860,12.020,0.392,9.885,3.496,-0.511,10.492,-7.924,11.474,2.0192,1,1,0.948,0,1,-0.353,10.471,0.170
122.600,-7.675,11.944,0.445,10.005,3.491,-0.670,10.513,-7.924,11.474,1.9579,1,1,1.074,0,1,-0.511,10.492,0.198
122.800,-7.489,11.872,0.399,10.135,3.488,-0.829,10.534,-7.924,11.474,1.8993,1,1,1.134,0,1,-0.670,10.513,0.205
123.000,-7.301,11.806,0.279,10.192,3.484,-0.987,10.555,-7.924,11.474,1.8431,1,1,1.159,0,1,-0.829,10.534,0.255
123.200,-7.111,11.747,0.170,10.147,3.482,-1.146,10.576,-7.924,11.474,1.7892,1,1,1.227,0,1,-0.987,10.555,0.306
123.400,-6.919,11.694,0.145,10.039,3.482,-1.304,10.597,-7.924,11.474,1.7377,1,1,1.398,0,1,-1.146,10.576,0.317
123.600,-6.725,11.648,0.216,9.969,3.484,-1.463,10.618,-7.924,11.474,1.7040,1,1,1.645,0,1,-1.304,10.597,0.344
123.800,-6.530,11.609,0.312,9.998,3.486,-1.622,10.639,-5.567,11.162,1.6895,1,1,1.880,0,1,-1.463,10.618,0.416
124.000,-6.333,11.576,0.336,10.106,3.483,-1.622,10.639,-5.567,11.162,1.6932,1,1,2.029,1,0,-1.622,10.639,0.447
124.200,-6.136,11.552,0.255,10.217,3.478,-1.780,10.660,-5.567,11.162,1.6618,1,1,1.924,0,1,-1.622,10.639,0.454
124.400,-5.937,11.535,0.115,10.255,3.480,-1.939,10.681,-5.567,11.162,1.6305,1,1,1.939,0,1,-1.780,10.660,0.502
124.600,-5.738,11.523,0.014,10.197,3.481,-1.939,10.681,-5.567,11.162,1.6452,1,1,2.012,1,0,-1.939,10.681,0.555
124.800,-5.539,11.515,0.010,10.093,3.482,-1.939,10.681,-5.567,11.162,1.6585,1,1,2.036,1,0,-1.939,10.681,0.568
125.000,-5.339,11.512,0.095,10.037,3.486,-1.939,10.681,-5.567,11.162,1.6617,1,1,2.134,1,0,-1.939,10.681,0.597
125.200,-5.140,11.514,0.178,10.079,3.491,-1.939,10.681,-5.567,11.162,1.6552,1,1,2.200,1,0,-1.939,10.681,0.661
125.400,-4.941,11.522,0.173,10.185,3.489,-1.939,10.681,-5.567,11.162,1.6398,1,1,2.170,1,0,-1.939,10.681,0.694
125.600,-4.742,11.536,0.065,10.273,3.483,-1.939,10.681,-5.567,11.162,1.6165,1,1,2.045,1,0,-1.939,10.681,0.699
125.800,-4.543,11.555,-0.097,10.278,3.480,-2.098,10.702,-3.869,10.937,1.5168,1,1,1.886,0,1,-1.939,10.681,0.739
126.000,-4.345,11.580,-0.217,10.189,3.479,-2.256,10.723,-3.869,10.937,1.4457,1,1,1.950,0,1,-2.098,10.702,0.795
126.200,-4.148,11.609,-0.238,10.077,3.482,-2.256,10.723,-3.869,10.937,1.4222,1,1,2.119,1,0,-2.256,10.723,0.815
126.400,-3.950,11.640,-0.170,10.038,3.479,-2.256,10.723,-3.869,10.937,1.3994,1,1,2.196,1,0,-2.256,10.723,0.832
126.600,-3.752,11.671,-0.092,10.104,3.477,-2.256,10.723,-3.869,10.937,1.3774,1,1,2.251,1,0,-2.256,10.723,0.892
126.800,-3.555,11.700,-0.091,10.227,3.477,-2.256,10.723,-3.869,10.937,1.3677,1,1,2.221,1,0,-2.256,10.723,0.938
127.000,-3.356,11.725,-0.192,10.315,3.474,-2.256,10.723,-3.869,10.937,1.3627,1,1,2.104,1,0,-2.256,10.723,0.945
127.200,-3.158,11.745,-0.343,10.311,3.470,-2.415,10.744,-3.869,10.937,1.3816,1,1,1.957,0,1,-2.256,10.723,0.975
127.400,-2.959,11.762,-0.450,10.216,3.471,-2.415,10.744,-3.869,10.937,1.3759,1,1,2.034,1,0,-2.415,10.744,1.039
127.600,-2.760,11.772,-0.457,10.114,3.477,-2.415,10.744,-3.869,10.937,1.3701,1,1,2.057,1,0,-2.415,10.744,1.065
127.800,-2.561,11.777,-0.389,10.088,3.481,-2.415,10.744,-3.869,10.937,1.3645,1,1,2.129,1,0,-2.415,10.744,1.076
128.000,-2.362,11.776,-0.332,10.163,3.486,-2.415,10.744,-3.869,10.937,1.3589,1,1,2.162,1,0,-2.415,10.744,1.130
128.200,-2.163,11.769,-0.362,10.280,3.490,-2.415,10.744,-3.869,10.937,1.3534,1,1,2.104,1,0,-2.415,10.744,1.183
128.400,-1.964,11.755,-0.488,10.347,3.486,-2.573,10.765,-3.869,10.937,1.3717,1,1,1.968,0,1,-2.415,10.744,1.191
128.600,-1.765,11.735,-0.640,10.315,3.483,-2.415,10.744,-0.052,10.431,1.3428,1,1,1.985,0,1,-2.573,10.765,1.219
128.800,-1.568,11.709,-0.728,10.206,3.483,-2.256,10.723,-0.052,10.431,1.3143,1,1,1.771,0,1,-2.415,10.744,1.281
129.000,-1.371,11.676,-0.714,10.109,3.485,-2.098,10.702,-0.052,10.431,1.3045,1,1,1.660,0,1,-2.256,10.723,1.313
129.200,-1.179,11.634,-0.634,10.101,3.484,-1.939,10.681,-0.052,10.431,1.3795,1,1,1.582,0,1,-2.098,10.702,1.322
129.400,-0.993,11.578,-0.585,10.192,3.483,-1.780,10.660,-0.052,10.431,1.4533,1,1,1.440,0,1,-1.939,10.681,1.375
129.600,-0.816,11.503,-0.631,10.306,3.485,-1.622,10.639,-0.052,10.431,1.5229,1,1,1.203,0,1,-1.780,10.660,1.435
129.800,-0.649,11.408,-0.758,10.348,3.480,-1.463,10.618,-0.052,10.431,1.5858,1,1,0.912,0,1,-1.622,10.639,1.444
130.000,-0.493,11.295,-0.882,10.285,3.476,-1.304,10.597,-0.052,10.431,1.6398,1,1,0.670,0,1,-1.463,10.618,1.472
130.200,-0.349,11.166,-0.923,10.165,3.480,-1.146,10.576,-0.052,10.431,1.6837,1,1,0.576,0,1,-1.304,10.597,1.538
130.400,-0.215,11.023,-0.874,10.087,3.486,-0.987,10.555,-0.052,10.431,1.7173,1,1,0.559,0,1,-1.146,10.576,1.563
130.600,-0.091,10.869,-0.795,10.112,3.488,-0.829,10.534,-0.052,10.431,1.7412,1,1,0.483,0,1,-0.987,10.555,1.568
130.800,0.024,10.708,-0.771,10.227,3.486,-0.670,10.513,-0.052,10.431,1.7562,1,1,0.313,0,1,-0.829,10.534,1.618
131.001,0.141,10.523,-0.852,10.360,3.491,-0.513,10.480,0.223,10.328,1.7606,1,1,0.237,0,1,-0.670,10.513,1.666
131.200,0.232,10.369,-0.957,10.399,3.500,-0.357,10.448,0.223,10.328,1.7652,1,1,0.452,0,1,-0.513,10.480,1.668
131.400,0.328,10.194,-1.026,10.352,3.503,-0.200,10.416,0.223,10.328,1.7620,1,1,0.676,0,1,-0.357,10.448,1.696
131.600,0.429,9.999,-0.983,10.254,3.497,-0.047,10.370,0.704,10.149,2.1077,1,1,0.799,0,1,-0.200,10.416,1.760
131.800,0.516,9.819,-0.850,10.212,3.493,0.107,10.325,0.704,10.149,2.0876,1,1,0.819,0,1,-0.047,10.370,1.782
132.000,0.591,9.656,-0.729,10.252,3.497,0.242,10.238,1.057,9.715,2.0808,1,1,0.839,0,1,0.107,10.325,1.790
132.200,0.672,9.473,-0.668,10.351,3.512,0.376,10.152,1.057,9.715,2.1708,1,1,0.917,0,1,0.242,10.238,1.833
132.400,0.750,9.289,-0.687,10.429,3.537,0.511,10.066,1.057,9.715,2.0895,1,1,1.099,0,1,0.376,10.152,1.864
132.600,0.825,9.104,-0.723,10.423,3.559,0.646,9.979,1.057,9.715,2.0264,1,1,1.285,0,1,0.511,10.066,1.865
132.800,0.898,8.918,-0.708,10.325,3.564,0.586,9.831,0.175,8.816,1.9995,1,1,1.397,0,1,0.646,9.979,1.893
133.000,0.970,8.731,-0.604,10.198,3.565,0.526,9.683,0.175,8.816,1.9531,1,1,1.245,0,1,0.586,9.831,1.941
133.200,1.042,8.544,-0.467,10.131,3.573,0.630,9.561,1.797,8.203,1.8864,1,1,1.089,0,1,0.526,9.683,1.944
133.400,1.112,8.357,-0.387,10.163,3.570,0.734,9.440,1.797,8.203,1.8305,1,1,1.181,0,1,0.630,9.561,1.954
133.600,1.182,8.170,-0.403,10.253,3.558,0.838,9.319,1.797,8.203,1.7862,1,1,1.397,0,1,0.734,9.440,2.018
133.800,1.251,7.982,-0.503,10.302,3.553,0.943,9.197,1.797,8.203,1.7514,1,1,1.663,0,1,0.838,9.319,2.060
134.000,1.321,7.794,-0.592,10.252,3.546,1.047,9.076,1.797,8.203,1.7226,1,1,1.863,0,1,0.943,9.197,2.062
134.200,1.391,7.607,-0.589,10.131,3.528,1.151,8.955,1.797,8.203,1.7392,1,1,1.947,0,1,1.047,9.076,2.109
134.401,1.469,7.401,-0.467,10.021,3.507,1.256,8.833,1.797,8.203,1.6844,1,1,1.938,0,1,1.151,8.955,2.172
134.600,1.533,7.233,-0.319,10.013,3.497,1.360,8.712,1.797,8.203,1.6472,1,1,1.969,0,1,1.256,8.833,2.188
134.800,1.607,7.047,-0.193,10.092,3.494,1.360,8.712,1.797,8.203,1.6075,1,1,2.078,1,0,1.360,8.712,2.205
135.000,1.683,6.863,-0.167,10.184,3.497,1.360,8.712,2.075,5.936,1.5698,1,1,2.121,1,0,1.360,8.712,2.265
135.200,1.761,6.679,-0.224,10.199,3.494,1.360,8.712,2.075,5.936,1.5337,1,1,2.173,1,0,1.360,8.712,2.309
135.400,1.842,6.496,-0.294,10.109,3.488,1.360,8.712,2.075,5.936,1.4993,1,1,2.164,1,0,1.360,8.712,2.317
135.600,1.914,6.314,-0.293,9.956,3.485,1.360,8.712,2.075,5.936,1.4661,1,1,2.068,1,0,1.360,8.712,2.348
135.800,1.964,6.133,-0.193,9.836,3.480,1.400,8.557,2.075,5.936,1.4474,1,1,1.917,0,1,1.360,8.712,2.405
136.000,1.982,5.955,-0.042,9.813,3.474,1.440,8.402,2.075,5.936,1.4317,1,1,1.912,0,1,1.400,8.557,2.436
136.200,1.966,5.779,0.066,9.887,3.471,1.440,8.402,2.075,5.936,1.4015,1,1,2.022,1,0,1.440,8.402,2.445
136.400,1.917,5.606,0.072,9.987,3.471,1.440,8.402,2.075,5.936,1.3728,1,1,2.094,1,0,1.440,8.402,2.490
136.600,1.837,5.441,-0.009,10.021,3.470,1.440,8.402,1.635,5.189,1.3457,1,1,2.172,1,0,1.440,8.402,2.547
136.800,1.731,5.286,-0.092,9.953,3.471,1.440,8.402,1.635,5.189,1.3208,1,1,2.180,1,0,1.440,8.402,2.563
137.000,1.604,5.142,-0.095,9.823,3.471,1.440,8.402,1.635,5.189,1.2980,1,1,2.091,1,0,1.440,8.402,2.581
137.200,1.460,5.010,0.005,9.720,3.468,1.449,8.242,1.635,5.189,1.3244,1,1,1.948,0,1,1.440,8.402,2.638
137.400,1.305,4.889,0.146,9.711,3.468,1.438,8.083,1.203,4.737,1.3459,1,1,1.963,0,1,1.449,8.242,2.686
137.600,1.142,4.775,0.229,9.793,3.469,1.438,8.083,1.203,4.737,1.3715,1,1,2.094,1,0,1.438,8.083,2.696
137.800,0.974,4.668,0.210,9.882,3.476,1.438,8.083,1.203,4.737,1.3985,1,1,2.178,1,0,1.438,8.083,2.740
138.000,0.803,4.565,0.131,9.889,3.482,1.438,8.083,1.186,4.425,1.4267,1,1,2.230,1,0,1.438,8.083,2.799
138.200,0.630,4.464,0.083,9.797,3.484,1.438,8.083,1.186,4.425,1.4562,1,1,2.186,1,0,1.438,8.083,2.817
138.401,0.456,4.366,0.128,9.655,3.479,1.438,8.083,1.186,4.425,1.4869,1,1,2.046,1,0,1.438,8.083,2.828
138.600,0.280,4.271,0.268,9.550,3.474,1.427,7.924,1.186,4.425,1.5028,1,1,1.876,0,1,1.438,8.083,2.889
138.800,0.103,4.178,0.418,9.536,3.481,1.416,7.764,1.186,4.425,1.5195,1,1,1.902,0,1,1.427,7.924,2.926
139.000,-0.074,4.086,0.491,9.590,3.491,1.416,7.764,1.186,4.425,1.5540,1,1,2.047,1,0,1.416,7.764,2.932
139.200,-0.253,3.996,0.454,9.624,3.499,1.416,7.764,1.186,4.425,1.5901,1,1,2.093,1,0,1.416,7.764,2.969
139.400,-0.450,3.900,0.363,9.557,3.498,1.416,7.764,1.186,4.425,1.6318,1,1,2.079,1,0,1.416,7.764,3.030
139.600,-0.613,3.824,0.312,9.420,3.494,1.405,7.605,1.186,4.425,1.6497,1,1,1.990,0,1,1.416,7.764,3.046
139.800,-0.796,3.744,0.346,9.245,3.490,1.394,7.445,1.186,4.425,1.6731,1,1,1.953,0,1,1.405,7.605,3.052
140.000,-0.980,3.665,0.472,9.131,3.483,1.383,7.285,1.186,4.425,1.6982,1,1,1.921,0,1,1.394,7.445,3.108
140.200,-1.164,3.588,0.609,9.116,3.481,1.265,7.178,-3.306,3.014,1.7387,1,1,1.988,0,1,1.383,7.285,-3.122
140.400,-1.349,3.512,0.669,9.177,3.481,1.265,7.178,-3.306,3.014,1.7860,1,1,2.087,1,0,1.265,7.178,-3.113
140.600,-1.554,3.431,0.618,9.229,3.485,1.265,7.178,-3.306,3.014,1.8411,1,1,2.151,1,0,1.265,7.178,-3.084
140.800,-1.741,3.362,0.522,9.185,3.487,1.265,7.178,-3.306,3.014,1.8943,1,1,2.140,1,0,1.265,7.178,-3.024
141.000,-1.911,3.303,0.471,9.065,3.487,1.265,7.178,-3.306,3.014,1.9450,1,1,2.048,1,0,1.265,7.178,-3.002
141.200,-2.101,3.241,0.501,8.920,3.491,1.147,7.070,-3.306,3.014,2.0020,1,1,1.903,0,1,1.265,7.178,-2.997
141.400,-2.292,3.184,0.607,8.849,3.491,1.028,6.962,-3.306,3.014,2.0653,1,1,1.859,0,1,1.147,7.070,-2.944
141.600,-2.484,3.132,0.705,8.882,3.490,0.910,6.854,-3.306,3.014,2.2260,1,1,1.947,0,1,1.028,6.962,-2.892
141.800,-2.679,3.089,0.715,8.981,3.492,0.910,6.854,-3.306,3.014,2.3007,1,1,2.135,1,0,0.910,6.854,-2.883
142.000,-2.894,3.049,0.626,9.025,3.492,0.910,6.854,-3.306,3.014,2.3886,1,1,2.189,1,0,0.910,6.854,-2.847
142.200,-3.091,3.021,0.521,8.969,3.491,0.910,6.854,-3.306,3.014,2.4742,1,1,2.151,1,0,0.910,6.854,-2.780
142.400,-3.269,3.002,0.488,8.850,3.483,0.910,6.854,-3.306,3.014,2.5558,1,1,2.040,1,0,0.910,6.854,-2.755
142.600,-3.467,2.989,0.553,8.704,3.474,0.792,6.747,-3.306,3.014,2.6219,1,1,1.884,0,1,0.910,6.854,-2.752
142.800,-3.666,2.984,0.699,8.620,3.469,0.673,6.639,-3.306,3.014,2.6926,1,1,1.875,0,1,0.792,6.747,-2.706
143.000,-3.866,2.985,0.828,8.631,3.472,0.555,6.531,-3.306,3.014,2.7694,1,1,1.998,0,1,0.673,6.639,-2.646
143.200,-4.066,2.988,0.863,8.702,3.470,0.555,6.531,-3.306,3.014,2.8829,1,1,2.193,1,0,0.555,6.531,-2.627
143.400,-4.265,2.994,0.794,8.749,3.469,0.555,6.531,-3.306,3.014,3.0045,1,1,2.231,1,0,0.555,6.531,-2.618
143.600,-4.464,3.004,0.679,8.706,3.468,0.555,6.531,-3.306,3.014,3.1345,1,1,2.178,1,0,0.555,6.531,-2.571
143.800,-4.684,3.021,0.603,8.551,3.464,0.555,6.531,-3.306,3.014,3.2879,1,1,2.021,1,0,0.555,6.531,-2.519
144.000,-4.863,3.035,0.628,8.398,3.465,0.437,6.424,-3.306,3.014,3.3896,1,1,1.868,0,1,0.555,6.531,-2.510
144.200,-5.062,3.051,0.734,8.280,3.471,0.287,6.369,-4.381,4.667,3.5434,1,1,1.880,0,1,0.437,6.424,-2.486
144.400,-5.262,3.066,0.838,8.259,3.483,0.409,6.266,-4.381,4.667,3.6779,1,1,1.969,0,1,0.287,6.369,-2.424
144.600,-5.461,3.082,0.855,8.303,3.490,0.409,6.266,-4.381,4.667,3.8617,1,1,2.085,1,0,0.409,6.266,-2.389
144.800,-5.660,3.100,0.768,8.331,3.493,0.409,6.266,-4.381,4.667,4.0591,1,1,2.096,1,0,0.409,6.266,-2.383
145.000,-5.860,3.116,0.631,8.280,3.497,0.409,6.266,-4.381,4.667,4.2724,1,1,2.026,1,0,0.409,6.266,-2.342
145.200,-6.059,3.130,0.541,8.152,3.502,0.532,6.163,-4.381,4.667,4.4306,1,1,1.890,0,1,0.409,6.266,-2.285
145.400,-6.259,3.143,0.554,8.025,3.502,0.655,6.061,-8.079,4.620,4.6161,0,1,1.862,0,1,0.532,6.163,-2.269
145.600,-6.458,3.158,0.660,7.963,3.499,0.777,5.958,-8.079,4.620,4.8086,0,1,1.903,0,1,0.655,6.061,-2.258
145.800,-6.657,3.172,0.771,7.988,3.505,0.777,5.958,-8.079,4.620,5.0715,0,1,2.030,1,0,0.777,5.958,-2.211
146.000,-6.857,3.186,0.802,8.061,3.515,0.777,5.958,-8.079,4.620,5.3451,0,1,2.104,1,0,0.777,5.958,-2.167
146.200,-7.056,3.196,0.735,8.097,3.518,0.777,5.958,-8.079,4.620,5.6275,0,1,2.140,1,0,0.777,5.958,-2.158
146.400,-7.256,3.204,0.621,8.038,3.511,0.777,5.958,-8.079,4.620,5.9123,0,1,2.086,1,0,0.777,5.958,-2.129
146.600,-7.456,3.210,0.553,7.887,3.502,0.900,5.855,-8.079,4.620,6.1051,0,1,1.943,0,1,0.777,5.958,-2.070
146.800,-7.656,3.216,0.581,7.727,3.499,1.023,5.752,-8.079,4.620,6.2651,0,1,1.899,0,1,0.900,5.855,-2.042
147.000,-7.856,3.221,0.684,7.644,3.493,1.145,5.650,-8.079,4.620,6.3814,0,1,1.922,0,1,1.023,5.752,-2.035
147.200,-8.055,3.223,0.786,7.664,3.492,1.145,5.650,-8.079,4.620,6.5277,0,1,2.047,1,0,1.145,5.650,-1.995
147.400,-8.255,3.222,0.812,7.741,3.499,1.145,5.650,-8.079,4.620,6.6120,0,1,2.118,1,0,1.145,5.650,-1.937
147.600,-8.454,3.217,0.745,7.777,3.504,1.145,5.650,-8.079,4.620,6.6301,0,1,2.165,1,0,1.145,5.650,-1.925
147.800,-8.653,3.206,0.648,7.712,3.502,1.145,5.650,-8.079,4.620,6.5916,0,1,2.122,1,0,1.145,5.650,-1.901
148.000,-8.850,3.185,0.609,7.564,3.495,1.268,5.547,-8.079,4.620,6.4295,0,1,1.988,0,1,1.145,5.650,-1.839
148.200,-9.047,3.155,0.672,7.413,3.489,1.391,5.444,-8.079,4.620,6.1657,0,1,1.959,0,1,1.268,5.547,-1.807
148.400,-9.242,3.116,0.800,7.337,3.486,1.513,5.341,-8.238,1.518,5.9322,0,1,1.983,0,1,1.391,5.444,-1.800
148.600,-9.435,3.070,0.897,7.360,3.487,1.513,5.341,-8.238,1.518,5.7579,0,1,2.110,1,0,1.513,5.341,-1.755
148.800,-9.625,3.014,0.898,7.423,3.492,1.513,5.341,-8.357,1.428,5.5689,0,1,2.170,1,0,1.513,5.341,-1.695
149.000,-9.812,2.948,0.813,7.429,3.494,1.513,5.341,-11.683,2.028,5.3732,0,1,2.202,1,0,1.513,5.341,-1.682
149.200,-9.993,2.872,0.724,7.336,3.496,1.513,5.341,-11.683,2.028,5.1826,0,1,2.145,1,0,1.513,5.341,-1.656
149.400,-10.164,2.780,0.714,7.188,3.496,1.513,5.341,-11.683,2.028,5.0097,0,1,2.012,1,0,1.513,5.341,-1.590
149.600,-10.324,2.673,0.804,7.078,3.491,1.636,5.239,-11.683,2.028,4.7951,0,1,1.876,0,1,1.513,5.341,-1.560
149.800,-10.472,2.548,0.946,7.063,3.488,1.759,5.136,-11.683,2.028,4.5887,0,1,1.950,0,1,1.636,5.239,-1.556
150.000,-10.608,2.409,1.040,7.140,3.487,1.759,5.136,-11.683,2.028,4.4727,0,1,2.129,1,0,1.759,5.136,-1.505
150.200,-10.732,2.258,1.032,7.228,3.488,1.759,5.136,-11.683,2.028,4.3658,0,1,2.215,1,0,1.759,5.136,-1.445
150.400,-10.843,2.096,0.945,7.241,3.484,1.759,5.136,-11.683,2.028,4.2659,0,1,2.257,1,0,1.759,5.136,-1.430
150.600,-10.942,1.926,0.856,7.149,3.479,1.759,5.136,-11.646,1.779,4.1709,0,1,2.206,1,0,1.759,5.136,-1.419
150.800,-11.031,1.749,0.847,6.992,3.472,1.759,5.136,-11.646,1.779,4.0772,1,1,2.068,1,0,1.759,5.136,-1.369
151.000,-11.113,1.567,0.939,6.850,3.468,1.881,5.033,-11.646,1.779,3.9219,1,1,1.900,0,1,1.759,5.136,-1.325
151.200,-11.190,1.383,1.086,6.790,3.471,2.004,4.931,-11.543,1.096,3.7632,1,1,1.928,0,1,1.881,5.033,-1.320
151.400,-11.270,1.179,1.196,6.824,3.477,2.004,4.931,-11.543,1.096,3.6462,1,1,2.058,1,0,2.004,4.931,-1.300
151.600,-11.333,1.010,1.205,6.898,3.480,2.004,4.931,-11.543,1.096,3.5471,1,1,2.124,1,0,2.004,4.931,-1.233
151.800,-11.401,0.822,1.120,6.920,3.480,2.004,4.931,-11.543,1.096,3.4343,1,1,2.177,1,0,2.004,4.931,-1.194
152.001,-11.476,0.615,1.010,6.829,3.479,2.004,4.931,-11.543,1.096,3.3073,1,1,2.143,1,0,2.004,4.931,-1.185
152.200,-11.539,0.447,0.987,6.699,3.480,2.004,4.931,-11.543,1.096,3.2017,1,1,2.040,1,0,2.004,4.931,-1.135
152.401,-11.616,0.241,1.070,6.581,3.477,2.127,4.827,-11.318,-0.396,2.9438,1,0,1.896,0,1,2.004,4.931,-1.077
152.600,-11.680,0.072,1.183,6.572,3.470,2.181,4.749,-11.318,-0.396,2.9026,1,0,1.984,0,1,2.127,4.827,-1.064
152.800,-11.751,-0.115,1.270,6.655,3.470,2.181,4.749,-11.318,-0.396,2.7944,1,0,2.112,1,0,2.181,4.749,-1.040
153.000,-11.822,-0.301,1.267,6.750,3.479,2.181,4.749,-11.318,-0.396,2.6897,1,0,2.200,1,0,2.181,4.749,-0.980
153.200,-11.903,-0.506,1.187,6.761,3.485,2.181,4.749,-11.318,-0.396,2.7166,1,0,2.244,1,0,2.181,4.749,-0.945
153.400,-11.970,-0.673,1.132,6.677,3.486,2.181,4.749,-11.318,-0.396,2.7644,0,0,2.195,1,0,2.181,4.749,-0.941
153.601,-12.052,-0.877,1.150,6.530,3.484,2.181,4.749,-11.318,-0.396,2.8214,0,0,2.058,1,0,2.181,4.749,-0.909
153.801,-12.127,-1.063,1.277,6.401,3.484,2.021,4.747,-11.197,-1.200,2.8401,0,0,1.883,0,1,2.181,4.749,-0.850
154.000,-12.194,-1.230,1.400,6.377,3.492,1.862,4.745,-11.197,-1.200,3.0140,0,0,1.745,0,1,2.021,4.747,-0.838
154.200,-12.270,-1.415,1.465,6.431,3.495,1.702,4.743,-11.197,-1.200,3.0946,0,0,1.732,0,1,1.862,4.745,-0.826
154.400,-12.354,-1.618,1.416,6.511,3.494,1.542,4.741,-11.197,-1.200,3.1777,0,0,1.791,0,1,1.702,4.743,-0.766
154.600,-12.422,-1.784,1.313,6.516,3.495,1.382,4.739,-11.197,-1.200,3.2490,0,0,1.789,0,1,1.542,4.741,-0.724
154.800,-12.497,-1.970,1.222,6.428,3.495,1.222,4.737,-11.197,-1.200,3.3201,0,0,1.696,0,1,1.382,4.739,-0.715
155.000,-12.573,-2.155,1.222,6.292,3.492,1.062,4.735,-11.197,-1.200,3.3867,0,0,1.555,0,1,1.222,4.737,-0.678
155.200,-12.648,-2.340,1.319,6.206,3.487,0.902,4.733,-11.197,-1.200,3.4484,0,0,1.493,0,1,1.062,4.735,-0.614
155.400,-12.724,-2.525,1.431,6.221,3.485,0.742,4.731,-11.197,-1.200,3.5044,0,0,1.579,0,1,0.902,4.733,-0.591
155.600,-12.800,-2.710,1.468,6.307,3.485,0.582,4.729,-11.197,-1.200,3.5535,0,0,1.735,0,1,0.742,4.731,-0.575
155.800,-12.875,-2.896,1.402,6.370,3.483,0.422,4.727,-11.197,-1.200,3.5951,0,0,1.834,0,1,0.582,4.729,-0.523
156.000,-12.949,-3.081,1.282,6.342,3.480,0.262,4.725,-11.197,-1.200,3.6293,0,0,1.830,0,1,0.422,4.727,-0.474
156.200,-13.025,-3.266,1.204,6.219,3.475,0.102,4.723,-11.197,-1.200,3.6568,0,0,1.766,0,1,0.262,4.725,-0.467
156.400,-13.102,-3.451,1.225,6.045,3.471,-0.058,4.721,-11.197,-1.200,3.6781,0,0,1.734,0,1,0.102,4.723,-0.443
156.600,-13.181,-3.635,1.327,5.907,3.480,-0.218,4.719,-11.197,-1.200,3.7490,0,0,1.823,0,1,-0.058,4.721,-0.381
156.800,-13.261,-3.818,1.415,5.866,3.493,-0.378,4.717,-11.197,-1.200,3.8252,0,0,1.995,0,1,-0.218,4.719,-0.347
157.000,-13.344,-4.000,1.414,5.911,3.488,-0.378,4.717,-11.197,-1.200,3.8728,0,0,2.153,1,0,-0.378,4.717,-0.342
157.200,-13.428,-4.181,1.307,5.976,3.480,-0.378,4.717,-11.197,-1.200,3.9167,0,0,2.103,1,0,-0.378,4.717,-0.306
157.400,-13.523,-4.380,1.129,5.965,3.480,-0.538,4.715,-11.197,-1.200,3.9872,0,0,1.956,0,1,-0.378,4.717,-0.237
157.600,-13.601,-4.542,1.024,5.870,3.477,-0.698,4.713,-11.197,-1.200,4.0257,0,0,1.942,0,1,-0.538,4.715,-0.225
157.800,-13.689,-4.722,1.002,5.726,3.477,-0.858,4.711,-11.197,-1.200,4.0308,0,0,1.979,0,1,-0.698,4.713,-0.214
158.000,-13.777,-4.901,1.068,5.628,3.484,-0.858,4.711,-11.197,-1.200,4.0580,0,0,2.133,1,0,-0.858,4.711,-0.158
158.200,-13.868,-5.079,1.141,5.630,3.493,-0.858,4.711,-10.182,-7.946,4.0796,0,0,2.200,1,0,-0.858,4.711,-0.108
158.400,-13.961,-5.256,1.136,5.707,3.494,-0.858,4.711,-10.182,-7.946,4.0950,0,0,2.229,1,0,-0.858,4.711,-0.101
158.600,-14.051,-5.433,1.030,5.779,3.494,-0.858,4.711,-10.182,-7.946,4.1069,0,0,2.168,1,0,-0.858,4.711,-0.063
158.800,-14.124,-5.609,0.887,5.771,3.499,-0.858,4.711,-10.182,-7.946,4.1248,0,0,2.042,1,0,-0.858,4.711,0.002
159.000,-14.169,-5.785,0.806,5.672,3.496,-1.017,4.709,-10.182,-7.946,4.1284,0,0,1.922,0,1,-0.858,4.711,0.021
159.200,-14.175,-5.948,0.831,5.552,3.490,-1.017,4.709,-10.182,-7.946,4.1775,0,0,2.032,1,0,-1.017,4.709,0.030
159.400,-14.141,-6.096,0.936,5.503,3.488,-1.017,4.709,-10.182,-7.946,4.2482,0,0,2.109,1,0,-1.017,4.709,0.098
159.600,-14.065,-6.230,1.023,5.553,3.488,-1.017,4.709,-10.182,-7.946,4.3447,0,0,2.209,1,0,-1.017,4.709,0.146
159.800,-13.951,-6.347,1.014,5.648,3.485,-1.017,4.709,-10.182,-7.946,4.4689,0,0,2.238,1,0,-1.017,4.709,0.150
160.000,-13.804,-6.442,0.905,5.699,3.478,-1.017,4.709,-10.182,-7.946,4.6186,0,0,2.163,1,0,-1.017,4.709,0.176
160.200,-13.635,-6.513,0.753,5.651,3.471,-1.017,4.709,-10.182,-7.946,4.7902,0,0,2.006,1,0,-1.017,4.709,0.235
160.400,-13.450,-6.561,0.649,5.524,3.473,-1.177,4.707,-10.182,-7.946,4.9464,0,0,1.855,0,1,-1.017,4.709,0.258
160.600,-13.258,-6.590,0.644,5.409,3.479,-1.337,4.705,-10.182,-7.946,5.1153,0,0,1.952,0,1,-1.177,4.707,0.259
160.800,-13.061,-6.605,0.717,5.386,3.476,-1.337,4.705,-10.182,-7.946,5.3322,0,0,2.164,1,0,-1.337,4.705,0.315
161.000,-12.862,-6.611,0.782,5.466,3.475,-1.337,4.705,-10.182,-7.946,5.5639,0,0,2.252,1,0,-1.337,4.705,0.370
161.200,-12.662,-6.612,0.760,5.583,3.480,-1.337,4.705,-10.182,-7.946,5.8122,0,0,2.274,1,0,-1.337,4.705,0.376
161.400,-12.462,-6.611,0.652,5.638,3.479,-1.337,4.705,-10.182,-7.946,6.0791,0,0,2.198,1,0,-1.337,4.705,0.408
161.600,-12.262,-6.609,0.531,5.590,3.477,-1.337,4.705,-10.182,-7.946,6.3674,0,0,2.068,1,0,-1.337,4.705,0.469
161.800,-12.062,-6.608,0.482,5.472,3.479,-1.497,4.703,-10.182,-7.946,6.6339,0,0,1.975,0,1,-1.337,4.705,0.494
162.000,-11.862,-6.607,0.533,5.382,3.481,-1.497,4.703,-10.182,-7.946,6.9698,0,0,2.141,1,0,-1.497,4.703,0.504
162.200,-11.662,-6.607,0.629,5.389,3.482,-1.497,4.703,-10.182,-7.946,7.3339,0,0,2.234,1,0,-1.497,4.703,0.566
162.400,-11.462,-6.608,0.672,5.483,3.484,-1.497,4.703,-10.182,-7.946,7.7295,0,0,2.306,1,0,-1.497,4.703,0.614
162.600,-11.263,-6.612,0.614,5.574,3.484,-1.497,4.703,-10.182,-7.946,8.1598,0,0,2.284,1,0,-1.497,4.703,0.619
162.800,-11.063,-6.617,0.477,5.582,3.474,-1.497,4.703,-10.182,-7.946,8.6277,0,0,2.161,1,0,-1.497,4.703,0.647
163.000,-10.863,-6.625,0.339,5.484,3.465,-1.657,4.701,-10.182,-7.946,9.0745,0,0,1.996,0,1,-1.497,4.703,0.705
163.200,-10.664,-6.636,0.279,5.333,3.467,-1.657,4.701,-10.182,-7.946,9.6226,0,0,2.037,1,0,-1.657,4.701,0.733
163.400,-10.464,-6.649,0.316,5.223,3.470,-1.657,4.701,-10.182,-7.946,10.2100,0,0,2.041,1,0,-1.657,4.701,0.739
163.600,-10.265,-6.664,0.398,5.217,3.470,-1.657,4.701,-10.182,-7.946,10.8286,0,0,2.119,1,0,-1.657,4.701,0.785
163.800,-10.045,-6.681,0.433,5.306,3.469,-1.657,4.701,-10.182,-7.946,11.5284,0,0,2.176,1,0,-1.657,4.701,0.844
164.000,-9.866,-6.695,0.370,5.413,3.467,-1.657,4.701,-10.182,-7.946,12.0955,0,0,2.149,1,0,-1.657,4.701,0.863
164.200,-9.666,-6.711,0.226,5.451,3.463,-1.657,4.701,-10.182,-7.946,12.6889,0,0,2.027,1,0,-1.657,4.701,0.882
164.400,-9.524,-6.723,0.089,5.385,3.460,-1.817,4.699,-10.182,-7.946,12.9830,0,0,1.875,0,1,-1.657,4.701,0.936
164.600,-9.497,-6.726,0.036,5.258,3.459,-1.977,4.697,-10.182,-7.946,12.9654,0,0,1.936,0,1,-1.817,4.699,0.983
164.800,-9.497,-6.726,0.084,5.167,3.461,-1.977,4.697,-10.182,-7.946,12.9658,0,0,2.114,1,0,-1.977,4.697,0.992
165.000,-9.497,-6.726,0.173,5.178,3.462,-1.977,4.697,-10.182,-7.946,12.9657,0,0,2.204,1,0,-1.977,4.697,1.028
165.200,-9.497,-6.726,0.210,5.276,3.465,-1.977,4.697,-10.182,-7.946,12.9657,0,0,2.262,1,0,-1.977,4.697,1.091
165.400,-9.497,-6.726,0.145,5.375,3.467,-1.977,4.697,-10.182,-7.946,12.9657,0,0,2.228,1,0,-1.977,4.697,1.116
165.600,-9.501,-6.741,0.011,5.395,3.464,-1.977,4.697,-10.182,-7.946,13.0636,0,0,2.108,1,0,-1.977,4.697,1.123
165.800,-9.541,-6.803,-0.115,5.310,3.462,-2.137,4.695,-10.182,-7.946,13.3496,0,0,1.961,0,1,-1.977,4.697,1.159
166.000,-9.641,-6.879,-0.164,5.162,3.470,-2.137,4.695,-10.182,-7.946,13.6824,0,0,2.028,1,0,-2.137,4.695,1.217
166.200,-9.791,-6.936,-0.129,5.056,3.488,-2.137,4.695,-10.182,-7.946,13.6294,0,0,2.040,1,0,-2.137,4.695,1.227
166.400,-9.968,-6.962,-0.095,5.050,3.504,-2.137,4.695,-10.182,-7.946,13.1400,0,0,2.073,1,0,-2.137,4.695,1.250
166.600,-10.158,-6.962,-0.142,5.130,3.502,-2.137,4.695,-10.182,-7.946,12.3758,0,0,2.042,1,0,-2.137,4.695,1.305
166.800,-10.352,-6.943,-0.285,5.224,3.501,-2.297,4.693,-10.182,-7.946,11.4326,0,0,1.926,0,1,-2.137,4.695,1.325
167.000,-10.547,-6.910,-0.446,5.246,3.511,-2.457,4.691,-10.182,-7.946,10.5133,0,0,1.932,0,1,-2.297,4.693,1.326
167.200,-10.743,-6.868,-0.534,5.177,3.508,-2.617,4.689,-10.182,-7.946,9.6694,0,0,1.984,0,1,-2.457,4.691,1.364
167.400,-10.937,-6.823,-0.513,5.058,3.497,-2.617,4.689,-10.182,-7.946,8.9816,0,0,2.136,1,0,-2.617,4.689,1.414
167.600,-11.132,-6.778,-0.418,4.981,3.507,-2.617,4.689,-10.182,-7.946,8.3728,0,0,2.219,1,0,-2.617,4.689,1.420
167.800,-11.327,-6.734,-0.358,4.996,3.517,-2.617,4.689,-10.182,-7.946,7.8352,0,0,2.280,1,0,-2.617,4.689,1.449
168.000,-11.523,-6.692,-0.399,5.065,3.512,-2.617,4.689,-10.182,-7.946,7.3593,0,0,2.250,1,0,-2.617,4.689,1.505
168.200,-11.719,-6.654,-0.542,5.113,3.502,-2.617,4.689,-10.182,-7.946,6.9362,0,0,2.119,1,0,-2.617,4.689,1.530
168.400,-11.915,-6.619,-0.738,5.069,3.501,-2.777,4.687,-10.182,-7.946,6.5106,0,0,1.917,0,1,-2.617,4.689,1.543
168.600,-12.113,-6.588,-0.850,4.971,3.506,-2.937,4.685,-10.182,-7.946,6.1283,0,0,1.948,0,1,-2.777,4.687,1.593
168.800,-12.311,-6.560,-0.876,4.874,3.511,-2.937,4.685,-10.182,-7.946,5.8258,0,0,2.070,1,0,-2.937,4.685,1.641
169.000,-12.509,-6.534,-0.819,4.858,3.507,-2.937,4.685,-10.182,-7.946,5.5511,0,0,2.126,1,0,-2.937,4.685,1.653
169.200,-12.708,-6.512,-0.748,4.944,3.503,-2.937,4.685,-10.182,-7.946,5.3005,0,0,2.205,1,0,-2.937,4.685,1.675
169.400,-12.906,-6.491,-0.747,5.072,3.510,-2.937,4.685,-10.182,-7.946,5.0708,0,0,2.224,1,0,-2.937,4.685,1.743
169.600,-13.105,-6.470,-0.841,5.142,3.505,-2.937,4.685,-10.182,-7.946,4.8590,0,0,2.146,1,0,-2.937,4.685,1.776
169.800,-13.301,-6.441,-0.989,5.106,3.492,-3.097,4.683,-10.182,-7.946,4.6280,0,0,1.993,0,1,-2.937,4.685,1.779
170.000,-13.491,-6.399,-1.103,4.981,3.485,-3.097,4.683,-10.182,-7.946,4.4468,0,0,2.016,1,0,-3.097,4.683,1.819
170.200,-13.668,-6.339,-1.119,4.843,3.488,-3.257,4.681,-10.182,-7.946,4.2514,0,0,1.985,0,1,-3.097,4.683,1.882
170.400,-13.821,-6.255,-1.063,4.804,3.485,-3.257,4.681,-10.182,-7.946,4.1101,0,0,2.198,1,0,-3.257,4.681,1.899
170.600,-13.942,-6.147,-0.997,4.861,3.484,-3.257,4.681,-10.182,-7.946,3.9910,0,0,2.268,1,0,-3.257,4.681,1.907
170.800,-14.039,-5.998,-1.009,4.988,3.488,-3.257,4.681,-10.182,-7.946,3.8817,0,0,2.269,1,0,-3.257,4.681,1.967
171.000,-14.088,-5.855,-1.105,5.057,3.487,-3.257,4.681,-10.182,-7.946,3.8074,0,0,2.185,1,0,-3.257,4.681,2.011
171.200,-14.110,-5.681,-1.249,5.039,3.484,-3.257,4.681,-10.182,-7.946,3.7403,0,0,2.040,1,0,-3.257,4.681,2.020
171.400,-14.101,-5.498,-1.341,4.933,3.483,-3.417,4.679,-10.182,-7.946,3.6604,0,0,1.933,0,1,-3.257,4.681,2.048
171.600,-14.063,-5.312,-1.332,4.819,3.488,-3.417,4.679,-10.182,-7.946,3.6206,0,0,2.090,1,0,-3.417,4.679,2.105
171.800,-14.004,-5.128,-1.273,4.780,3.503,-3.417,4.679,-10.182,-7.946,3.5902,0,0,2.147,1,0,-3.417,4.679,2.124
172.000,-13.927,-4.947,-1.261,4.837,3.508,-3.417,4.679,-11.197,-1.200,3.5658,0,0,2.162,1,0,-3.417,4.679,2.130
172.200,-13.840,-4.769,-1.345,4.949,3.506,-3.417,4.679,-11.197,-1.200,3.5446,0,0,2.089,1,0,-3.417,4.679,2.185
172.400,-13.745,-4.593,-1.497,5.019,3.511,-3.577,4.677,-11.197,-1.200,3.4978,0,0,1.950,0,1,-3.417,4.679,2.225
172.600,-13.646,-4.419,-1.627,4.992,3.513,-3.737,4.675,-11.197,-1.200,3.4502,0,0,1.976,0,1,-3.577,4.677,2.229
172.800,-13.546,-4.246,-1.669,4.888,3.505,-3.737,4.675,-11.197,-1.200,3.4267,0,0,2.079,1,0,-3.737,4.675,2.263
173.000,-13.446,-4.073,-1.611,4.796,3.502,-3.737,4.675,-11.197,-1.200,3.3995,0,0,2.129,1,0,-3.737,4.675,2.324
173.200,-13.350,-3.898,-1.522,4.791,3.506,-3.737,4.675,-11.197,-1.200,3.3677,0,0,2.219,1,0,-3.737,4.675,2.347
173.400,-13.258,-3.721,-1.496,4.874,3.502,-3.737,4.675,-11.197,-1.200,3.3314,0,0,2.250,1,0,-3.737,4.675,2.360
173.600,-13.168,-3.542,-1.575,4.975,3.496,-3.737,4.675,-11.197,-1.200,3.2914,0,0,2.183,1,0,-3.737,4.675,2.414
173.800,-13.081,-3.363,-1.717,5.008,3.494,-3.737,4.675,-11.197,-1.200,3.2485,0,0,2.048,1,0,-3.737,4.675,2.460
174.000,-12.996,-3.181,-1.832,4.941,3.491,-3.897,4.673,-11.197,-1.200,3.1783,0,0,1.924,0,1,-3.737,4.675,2.468
174.200,-12.915,-2.999,-1.856,4.816,3.490,-3.897,4.673,-11.197,-1.200,3.1615,0,0,2.047,1,0,-3.897,4.673,2.502
174.400,-12.837,-2.815,-1.795,4.734,3.500,-3.897,4.673,-11.197,-1.200,3.1576,0,0,2.103,1,0,-3.897,4.673,2.563
174.600,-12.760,-2.630,-1.737,4.749,3.509,-3.897,4.673,-11.197,-1.200,3.1483,0,0,2.162,1,0,-3.897,4.673,2.585
174.800,-12.683,-2.446,-1.761,4.844,3.505,-3.897,4.673,-11.197,-1.200,3.1330,0,0,2.143,1,0,-3.897,4.673,2.598
175.000,-12.607,-2.261,-1.887,4.938,3.499,-3.897,4.673,-11.197,-1.200,3.1123,0,0,2.028,1,0,-3.897,4.673,2.656
175.200,-12.532,-2.075,-2.056,4.946,3.502,-3.784,4.786,-11.197,-1.200,2.1764,0,0,1.862,0,1,-3.897,4.673,2.704
175.400,-12.459,-1.889,-2.135,4.869,3.495,-3.671,4.899,-11.197,-1.200,2.1596,0,0,1.652,0,1,-3.784,4.786,2.709
175.600,-12.385,-1.703,-2.120,4.748,3.488,-3.558,5.013,-11.197,-1.200,2.1426,0,0,1.558,0,1,-3.671,4.899,2.741
175.801,-12.302,-1.499,-2.024,4.682,3.493,-3.445,5.127,-11.197,-1.200,2.1285,0,1,1.570,0,1,-3.558,5.013,2.811
176.000,-12.235,-1.333,-1.968,4.717,3.496,-3.604,5.116,-11.197,-1.200,2.1144,0,1,1.532,0,1,-3.445,5.127,2.832
176.200,-12.160,-1.147,-1.998,4.819,3.489,-3.763,5.106,-11.197,-1.200,2.0970,0,1,1.633,0,1,-3.604,5.116,2.840
176.400,-12.086,-0.961,-2.127,4.906,3.482,-3.923,5.096,-11.197,-1.200,2.0795,0,1,1.649,0,1,-3.763,5.106,2.894
176.600,-12.012,-0.775,-2.279,4.908,3.485,-4.083,5.085,-11.318,-0.396,2.0621,0,1,1.655,0,1,-3.923,5.096,2.944
176.800,-11.929,-0.572,-2.365,4.811,3.484,-4.242,5.075,-11.318,-0.396,2.0413,1,1,1.739,0,1,-4.083,5.085,2.955
177.000,-11.861,-0.405,-2.344,4.721,3.488,-4.402,5.065,-11.318,-0.396,2.0279,1,1,1.932,0,1,-4.242,5.075,2.986
177.200,-11.786,-0.220,-2.273,4.693,3.502,-4.402,5.065,-11.318,-0.396,1.9924,1,1,2.161,1,0,-4.402,5.065,3.053
177.400,-11.712,-0.034,-2.252,4.760,3.507,-4.402,5.065,-11.318,-0.396,1.9576,1,1,2.172,1,0,-4.402,5.065,3.077
177.600,-11.637,0.151,-2.333,4.867,3.499,-4.402,5.065,-11.318,-0.396,1.9236,1,1,2.079,1,0,-4.402,5.065,3.084
177.800,-11.561,0.336,-2.501,4.935,3.493,-4.562,5.054,-11.543,1.096,1.9082,1,1,1.905,0,1,-4.402,5.065,3.141
178.000,-11.485,0.521,-2.662,4.912,3.496,-4.721,5.044,-11.543,1.096,1.8929,1,1,1.905,0,1,-4.562,5.054,-3.090
178.200,-11.409,0.706,-2.733,4.810,3.490,-4.721,5.044,-11.543,1.096,1.8608,1,1,2.002,1,0,-4.721,5.044,-3.084
178.400,-11.335,0.892,-2.702,4.704,3.488,-4.721,5.044,-11.543,1.096,1.8294,1,1,2.048,1,0,-4.721,5.044,-3.064
178.601,-11.253,1.096,-2.615,4.680,3.497,-4.721,5.044,-11.543,1.096,1.7957,1,1,2.138,1,0,-4.721,5.044,-2.987
178.800,-11.184,1.262,-2.593,4.744,3.498,-4.721,5.044,-11.543,1.096,1.7690,1,1,2.150,1,0,-4.721,5.044,-2.958
179.000,-11.105,1.446,-2.669,4.850,3.490,-4.721,5.044,-11.543,1.096,1.7403,1,1,2.061,1,0,-4.721,5.044,-2.953
179.200,-11.024,1.629,-2.828,4.906,3.484,-4.881,5.034,-11.646,1.779,1.7282,1,1,1.898,0,1,-4.721,5.044,-2.900
179.400,-10.940,1.810,-2.976,4.868,3.485,-5.041,5.024,-11.646,1.779,1.7167,1,1,1.913,0,1,-4.881,5.034,-2.853
179.600,-10.850,1.987,-3.038,4.772,3.486,-5.041,5.024,-11.646,1.779,1.6909,1,1,2.019,1,0,-5.041,5.024,-2.842
179.800,-10.750,2.156,-3.000,4.710,3.488,-5.041,5.024,-11.683,2.028,1.6671,1,1,2.064,1,0,-5.041,5.024,-2.825
180.000,-10.638,2.316,-2.920,4.742,3.491,-5.041,5.024,-11.683,2.028,1.6454,1,1,2.139,1,0,-5.041,5.024,-2.758
